year,emdat_eventcountry_id,country,type,emdat_impact_scaled,event_id
1991,1991-0032-AFG,AFG,Riverine flood,128931.0,1991-0032
2009,2009-0168-AFG,AFG,Riverine flood,27282.0,2009-0168
2000,2000-0002-AGO,AGO,Riverine flood,16995.0,2000-0002
2002,2002-0607-ALB,ALB,Riverine flood,28472.0,2002-0607
2004,2004-0633-ALB,ALB,Riverine flood,268.0,2004-0633
1992,1992-0075-ARG,ARG,Riverine flood,542275.0,1992-0075
1993,1993-0497-ARG,ARG,Riverine flood,1215526.0,1993-0497
1993,1993-0027-ARG,ARG,Riverine flood,810351.0,1993-0027
1993,1993-0496-ARG,ARG,Flood (General),186381.0,1993-0496
1998,1998-0080-ARG,ARG,Flood (General),1974870.0,1998-0080
2000,2000-0733-ARG,ARG,Flood (General),509852.0,2000-0733
2001,2001-0582-ARG,ARG,Riverine flood,1239596.0,2001-0582
2003,2003-0196-ARG,ARG,Riverine flood,1635754.0,2003-0196
2007,2007-0060-ARG,ARG,Riverine flood,42344.0,2007-0060
2007,2007-0135-ARG,ARG,Riverine flood,14115.0,2007-0135
2013,2013-0119-ARG,ARG,Riverine flood,1633139.0,2013-0119
2014,2014-0188-ARG,ARG,Riverine flood,76645.0,2014-0188
2016,2016-0127-ARG,ARG,Riverine flood,1219359.0,2016-0127
2016,2016-0519-ARG,ARG,Riverine flood,2439.0,2016-0519
2020,2020-0092-ARG,ARG,Flood (General),11308.0,2020-0092
1997,1997-0111-ARM,ARM,Flood (General),14586.0,1997-0111
1998,1998-0338-ARM,ARM,Flood (General),215.0,1998-0338
1990,1990-0087-AUS,AUS,Riverine flood,437890.0,1990-0087
1996,1996-0320-AUS,AUS,Riverine flood,383054.0,1996-0320
1998,1998-0261-AUS,AUS,Riverine flood,220288.0,1998-0261
1998,1998-0227-AUS,AUS,Riverine flood,179534.0,1998-0227
2000,2000-0750-AUS,AUS,Riverine flood,450369.0,2000-0750
2001,2001-0130-AUS,AUS,Riverine flood,330559.0,2001-0130
2001,2001-0028-AUS,AUS,Flood (General),19834.0,2001-0028
2003,2003-0079-AUS,AUS,Riverine flood,3182.0,2003-0079
2004,2004-0091-AUS,AUS,Riverine flood,49581.0,2004-0091
2004,2004-0662-AUS,AUS,Riverine flood,23241.0,2004-0662
2004,2004-0537-AUS,AUS,Riverine flood,8522.0,2004-0537
2005,2005-0523-AUS,AUS,Riverine flood,86916.0,2005-0523
2008,2008-0098-AUS,AUS,Riverine flood,1495200.0,2008-0098
2008,2008-0017-AUS,AUS,Riverine flood,815564.0,2008-0017
2008,2008-0581-AUS,AUS,Riverine flood,373800.0,2008-0581
2008,2008-0014-AUS,AUS,Riverine flood,122335.0,2008-0014
2009,2009-0615-AUS,AUS,Riverine flood,204618.0,2009-0615
2010,2010-0656-AUS,AUS,Riverine flood,9797416.0,2010-0656
2010,2010-0103-AUS,AUS,Riverine flood,146290.0,2010-0103
2012,2012-0037-AUS,AUS,Riverine flood,462703.0,2012-0037
2012,2012-0029-AUS,AUS,Riverine flood,286799.0,2012-0029
2016,2016-0428-AUS,AUS,Flood (General),30484.0,2016-0428
2018,2018-0123-AUS,AUS,Flood (General),13286.0,2018-0123
2019,2019-0028-AUS,AUS,Riverine flood,2289430.0,2019-0028
2020,2020-0053-AUS,AUS,Flood (General),1356919.0,2020-0053
2021,2021-0169-AUS,AUS,Flood (General),2268059.0,2021-0169
2021,2021-0807-AUS,AUS,Flood (General),108003.0,2021-0807
2022,2022-0103-AUS,AUS,Flood (General),6600000.0,2022-0103
2022,2022-0679-AUS,AUS,Flood (General),1300000.0,2022-0679
2022,2022-0396-AUS,AUS,Flood (General),466000.0,2022-0396
2022,2022-0046-AUS,AUS,Flood (General),80000.0,2022-0046
1991,1991-0296-AUT,AUT,Riverine flood,176205.0,1991-0296
1995,1995-0127-AUT,AUT,Flood (General),384.0,1995-0127
1997,1997-0154-AUT,AUT,Riverine flood,319061.0,1997-0154
1999,1999-0182-AUT,AUT,Riverine flood,56221.0,1999-0182
2002,2002-0489-AUT,AUT,Riverine flood,3904776.0,2002-0489
2005,2005-0451-AUT,AUT,Riverine flood,1048987.0,2005-0451
2009,2009-0228-AUT,AUT,Riverine flood,272825.0,2009-0228
2013,2013-0205-AUT,AUT,Riverine flood,1256261.0,2013-0205
1995,1995-0099-AZE,AZE,Riverine flood,12867.0,1995-0099
1995,1995-0264-AZE,AZE,Flood (General),7682.0,1995-0264
1997,1997-0140-AZE,AZE,Flood (General),45580.0,1997-0140
2003,2003-0212-AZE,AZE,Riverine flood,87498.0,2003-0212
2015,2015-0578-BDI,BDI,Flood (General),16052.0,2015-0578
1993,1993-0237-BEL,BEL,Riverine flood,34440.0,1993-0237
1998,1998-0292-BEL,BEL,Riverine flood,17953.0,1998-0292
2010,2010-0601-BEL,BEL,Riverine flood,319619.0,2010-0601
2021,2021-0411-BEL,BEL,Flood (General),2160056.0,2021-0411
1995,1995-0224-BEN,BEN,Flood (General),5954.0,1995-0224
1999,1999-0402-BEN,BEN,Flood (General),378.0,1999-0402
2009,2009-0444-BFA,BFA,Riverine flood,204618.0,2009-0444
2010,2010-0300-BFA,BFA,Riverine flood,236.0,2010-0300
2015,2015-0346-BFA,BFA,Riverine flood,38277.0,2015-0346
1990,1990-0609-BGD,BGD,Riverine flood,13439.0,1990-0609
1991,1991-0224-BGD,BGD,Riverine flood,322327.0,1991-0224
1995,1995-0100-BGD,BGD,Flood (General),384104.0,1995-0100
1995,1995-0243-BGD,BGD,Riverine flood,336091.0,1995-0243
1995,1995-0487-BGD,BGD,Riverine flood,576.0,1995-0487
1996,1996-0104-BGD,BGD,Riverine flood,18658.0,1996-0104
1998,1998-0203-BGD,BGD,Riverine flood,7719947.0,1998-0203
2004,2004-0298-BGD,BGD,Riverine flood,3408669.0,2004-0298
2007,2007-0311-BGD,BGD,Riverine flood,141146.0,2007-0311
2007,2007-0161-BGD,BGD,Riverine flood,19760.0,2007-0161
2014,2014-0290-BGD,BGD,Riverine flood,197793.0,2014-0290
2015,2015-0253-BGD,BGD,Riverine flood,49390.0,2015-0253
2016,2016-0288-BGD,BGD,Riverine flood,182904.0,2016-0288
2017,2017-0342-BGD,BGD,Flood (General),596963.0,2017-0342
2017,2017-0138-BGD,BGD,Riverine flood,152823.0,2017-0138
2019,2019-0337-BGD,BGD,Flood (General),85854.0,2019-0337
2020,2020-0323-BGD,BGD,Flood (General),565383.0,2020-0323
2022,2022-0340-BGD,BGD,Flood (General),462500.0,2022-0340
2002,2002-0552-BGR,BGR,Flood (General),1627.0,2002-0552
2005,2005-0338-BGR,BGR,Riverine flood,370142.0,2005-0338
2005,2005-0473-BGR,BGR,Riverine flood,299711.0,2005-0473
2005,2005-0265-BGR,BGR,Riverine flood,14986.0,2005-0265
2012,2012-0033-BGR,BGR,Riverine flood,5609.0,2012-0033
2014,2014-0210-BGR,BGR,Riverine flood,466050.0,2014-0210
2014,2014-0368-BGR,BGR,Riverine flood,12362.0,2014-0368
2015,2015-0038-BGR,BGR,Riverine flood,7162.0,2015-0038
2013,2013-0187-BHS,BHS,Riverine flood,56532.0,2013-0187
2010,2010-0252-BIH,BIH,Riverine flood,116764.0,2010-0252
2014,2014-0164-BIH,BIH,Riverine flood,539703.0,2014-0164
1993,1993-0047-BLR,BLR,Riverine flood,202588.0,1993-0047
1999,1999-0132-BLR,BLR,Riverine flood,7695.0,1999-0132
1990,1990-0642-BLZ,BLZ,Flood (General),4928.0,1990-0642
1995,1995-0460-BLZ,BLZ,Flood (General),960.0,1995-0460
2008,2008-0484-BLZ,BLZ,Riverine flood,13181.0,2008-0484
1992,1992-0023-BOL,BOL,Riverine flood,208567.0,1992-0023
1992,1992-0552-BOL,BOL,Riverine flood,208567.0,1992-0552
1997,1997-0022-BOL,BOL,Riverine flood,63812.0,1997-0022
1997,1997-0566-BOL,BOL,Riverine flood,63812.0,1997-0566
2001,2001-0029-BOL,BOL,Riverine flood,199988.0,2001-0029
2002,2002-0110-BOL,BOL,Riverine flood,162699.0,2002-0110
2003,2003-0621-BOL,BOL,Riverine flood,1591.0,2003-0621
2006,2006-0039-BOL,BOL,Riverine flood,50810.0,2006-0039
2007,2007-0652-BOL,BOL,Riverine flood,705728.0,2007-0652
2007,2007-0042-BOL,BOL,Riverine flood,127031.0,2007-0042
2011,2011-0040-BOL,BOL,Riverine flood,26021.0,2011-0040
2013,2013-0057-BOL,BOL,Riverine flood,3141.0,2013-0057
2020,2020-0091-BOL,BOL,Flood (General),11308.0,2020-0091
1991,1991-0109-BRA,BRA,Riverine flood,4298.0,1991-0109
1992,1992-0013-BRA,BRA,Riverine flood,53810.0,1992-0013
1995,1995-0301-BRA,BRA,Riverine flood,5762.0,1995-0301
1998,1998-0080-BRA,BRA,Flood (General),1795.0,1998-0080
2003,2003-0673-BRA,BRA,Riverine flood,482035.0,2003-0673
2004,2004-0236-BRA,BRA,Riverine flood,573.0,2004-0236
2008,2008-0549-BRA,BRA,Riverine flood,1019455.0,2008-0549
2008,2008-0125-BRA,BRA,Riverine flood,489338.0,2008-0125
2009,2009-0163-BRA,BRA,Riverine flood,750268.0,2009-0163
2009,2009-0531-BRA,BRA,Riverine flood,68206.0,2009-0531
2010,2010-0248-BRA,BRA,Riverine flood,807951.0,2010-0248
2010,2010-0147-BRA,BRA,Riverine flood,268422.0,2010-0147
2011,2011-0014-BRA,BRA,Riverine flood,1301040.0,2011-0014
2011,2011-0626-BRA,BRA,Riverine flood,2602.0,2011-0626
2012,2012-0185-BRA,BRA,Riverine flood,217967.0,2012-0185
2013,2013-0552-BRA,BRA,Riverine flood,678381.0,2013-0552
2013,2013-0003-BRA,BRA,Riverine flood,2513.0,2013-0003
2013,2013-0519-BRA,BRA,Riverine flood,2513.0,2013-0519
2013,2013-0077-BRA,BRA,Riverine flood,1884.0,2013-0077
2014,2014-0103-BRA,BRA,Riverine flood,247241.0,2014-0103
2015,2015-0489-BRA,BRA,Riverine flood,2469.0,2015-0489
2016,2016-0033-BRA,BRA,Flood (General),121936.0,2016-0033
2017,2017-0202-BRA,BRA,Riverine flood,119393.0,2017-0202
2018,2018-0112-BRA,BRA,Flood (General),50115.0,2018-0112
2018,2018-0040-BRA,BRA,Flood (General),11655.0,2018-0040
2020,2020-0022-BRA,BRA,Flood (General),339230.0,2020-0022
2020,2020-0083-BRA,BRA,Flood (General),84807.0,2020-0083
2020,2020-0560-BRA,BRA,Flood (General),84807.0,2020-0560
2020,2020-0056-BRA,BRA,Flood (General),56538.0,2020-0056
2021,2021-0790-BRA,BRA,Flood (General),450372.0,2021-0790
2021,2021-0232-BRA,BRA,Flood (General),43201.0,2021-0232
2021,2021-0040-BRA,BRA,Flood (General),39961.0,2021-0040
2021,2021-0087-BRA,BRA,Flood (General),38881.0,2021-0087
2022,2022-0318-BRA,BRA,Flood (General),459000.0,2022-0318
2022,2022-0409-BRA,BRA,Flood (General),264000.0,2022-0409
2022,2022-0190-BRA,BRA,Flood (General),136000.0,2022-0190
2022,2022-0265-BRA,BRA,Flood (General),93000.0,2022-0265
2022,2022-0020-BRA,BRA,Flood (General),90000.0,2022-0020
2022,2022-0065-BRA,BRA,Flood (General),72000.0,2022-0065
2022,2022-0089-BRA,BRA,Flood (General),27000.0,2022-0089
2023,2023-0028-BRA,BRA,Flood (General),,2023-0028
2023,2023-0092-BRA,BRA,Flood (General),,2023-0092
2023,2023-0125-BRA,BRA,Flood (General),,2023-0125
2023,2023-0157-BRA,BRA,Flood (General),,2023-0157
2023,2023-0179-BRA,BRA,Flood (General),,2023-0179
2023,2023-0325-BRA,BRA,Flood (General),,2023-0325
2023,2023-0663-BRA,BRA,Flood (General),,2023-0663
2000,2000-0048-BWA,BWA,Riverine flood,8498.0,2000-0048
1990,1990-0644-CAN,CAN,Riverine flood,19039.0,1990-0644
1995,1995-0110-CAN,CAN,Flood (General),140774.0,1995-0110
1996,1996-0116-CAN,CAN,Riverine flood,1361307.0,1996-0116
1997,1997-0082-CAN,CAN,Riverine flood,218785.0,1997-0082
2003,2003-0511-CAN,CAN,Riverine flood,23863.0,2003-0511
2003,2003-0231-CAN,CAN,Riverine flood,15909.0,2003-0231
2005,2005-0728-CAN,CAN,Riverine flood,534983.0,2005-0728
2011,2011-0131-CAN,CAN,Riverine flood,1040832.0,2011-0131
2012,2012-0068-CAN,CAN,Riverine flood,43339.0,2012-0068
2013,2013-0190-CAN,CAN,Riverine flood,7160686.0,2013-0190
2017,2017-0126-CAN,CAN,Flood (General),238785.0,2017-0126
2019,2019-0171-CAN,CAN,Flood (General),915772.0,2019-0171
2020,2020-0191-CAN,CAN,Riverine flood,1469996.0,2020-0191
2021,2021-0741-CAN,CAN,Flood (General),2160056.0,2021-0741
2022,2022-0304-CAN,CAN,Flood (General),36000.0,2022-0304
1997,1997-0352-CHE,CHE,Flood (General),124890.0,1997-0352
1999,1999-0182-CHE,CHE,Riverine flood,579775.0,1999-0182
2005,2005-0451-CHE,CHE,Riverine flood,3146960.0,2005-0451
2007,2007-0349-CHE,CHE,Riverine flood,494010.0,2007-0349
1993,1993-0010-CHL,CHL,Riverine flood,68880.0,1993-0010
1997,1997-0137-CHL,CHL,Riverine flood,332553.0,1997-0137
2001,2001-0053-CHL,CHL,Flood (General),14710.0,2001-0053
2002,2002-0322-CHL,CHL,Riverine flood,325398.0,2002-0322
2008,2008-0389-CHL,CHL,Riverine flood,31263.0,2008-0389
2012,2012-0070-CHL,CHL,Riverine flood,3951.0,2012-0070
2016,2016-0118-CHL,CHL,Riverine flood,121936.0,2016-0118
2017,2017-0055-CHL,CHL,Flood (General),2388.0,2017-0055
2023,2023-0362-CHL,CHL,Flood (General),,2023-0362
2023,2023-0539-CHL,CHL,Flood (General),,2023-0539
1990,1990-0024-CHN,CHN,Riverine flood,1325990.0,1990-0024
1990,1990-0039-CHN,CHN,Riverine flood,472608.0,1990-0039
1991,1991-0123-CHN,CHN,Riverine flood,16116340.0,1991-0123
1991,1991-0767-CHN,CHN,Riverine flood,1138888.0,1991-0767
1991,1991-0227-CHN,CHN,Flood (General),30342.0,1991-0227
1992,1992-0036-CHN,CHN,Riverine flood,354565.0,1992-0036
1992,1992-0216-CHN,CHN,Riverine flood,304508.0,1992-0216
1992,1992-0217-CHN,CHN,Riverine flood,158511.0,1992-0217
1992,1992-0210-CHN,CHN,Riverine flood,7717.0,1992-0210
1992,1992-0297-CHN,CHN,Riverine flood,7091.0,1992-0297
1993,1993-0568-CHN,CHN,Flood (General),12278842.0,1993-0568
1993,1993-0179-CHN,CHN,Riverine flood,54699.0,1993-0179
1994,1994-0065-CHN,CHN,Riverine flood,10780202.0,1994-0065
1994,1994-0066-CHN,CHN,Riverine flood,3573657.0,1994-0066
1994,1994-0789-CHN,CHN,Riverine flood,317878.0,1994-0789
1994,1994-0780-CHN,CHN,Riverine flood,187568.0,1994-0780
1994,1994-0785-CHN,CHN,Riverine flood,23890.0,1994-0785
1994,1994-0779-CHN,CHN,Riverine flood,1974.0,1994-0779
1995,1995-0139-CHN,CHN,Riverine flood,12905878.0,1995-0139
1996,1996-0103-CHN,CHN,Riverine flood,23509410.0,1996-0103
1996,1996-0169-CHN,CHN,Riverine flood,11781759.0,1996-0169
1997,1997-0558-CHN,CHN,Riverine flood,2281195.0,1997-0558
1997,1997-0342-CHN,CHN,Riverine flood,1873161.0,1997-0342
1997,1997-0144-CHN,CHN,Riverine flood,291713.0,1997-0144
1997,1997-0562-CHN,CHN,Riverine flood,1823.0,1997-0562
1998,1998-0165-CHN,CHN,Riverine flood,53860097.0,1998-0165
1998,1998-0604-CHN,CHN,Riverine flood,1730704.0,1998-0604
1998,1998-0445-CHN,CHN,Flood (General),1301080.0,1998-0445
1998,1998-0174-CHN,CHN,Riverine flood,62298.0,1998-0174
1999,1999-0191-CHN,CHN,Riverine flood,14230852.0,1999-0191
1999,1999-0731-CHN,CHN,Flood (General),530582.0,1999-0731
1999,1999-0733-CHN,CHN,Flood (General),318349.0,1999-0733
1999,1999-0735-CHN,CHN,Flood (General),42517.0,1999-0735
2000,2000-0472-CHN,CHN,Flood (General),292315.0,2000-0472
2000,2000-0376-CHN,CHN,Riverine flood,101970.0,2000-0376
2000,2000-0372-CHN,CHN,Riverine flood,32291.0,2000-0372
2000,2000-0200-CHN,CHN,Riverine flood,20394.0,2000-0200
2000,2000-0920-CHN,CHN,Riverine flood,8498.0,2000-0920
2001,2001-0740-CHN,CHN,Riverine flood,276017.0,2001-0740
2001,2001-0741-CHN,CHN,Riverine flood,198335.0,2001-0741
2001,2001-0241-CHN,CHN,Riverine flood,128918.0,2001-0241
2001,2001-0305-CHN,CHN,Flood (General),39667.0,2001-0305
2001,2001-0360-CHN,CHN,Riverine flood,28098.0,2001-0360
2001,2001-0392-CHN,CHN,Riverine flood,8264.0,2001-0392
2002,2002-0305-CHN,CHN,Riverine flood,1534252.0,2002-0305
2002,2002-0483-CHN,CHN,Flood (General),878575.0,2002-0483
2002,2002-0278-CHN,CHN,Riverine flood,86230.0,2002-0278
2002,2002-0344-CHN,CHN,Flood (General),81350.0,2002-0344
2002,2002-0461-CHN,CHN,Riverine flood,62802.0,2002-0461
2002,2002-0498-CHN,CHN,Riverine flood,6833.0,2002-0498
2003,2003-0315-CHN,CHN,Riverine flood,12552010.0,2003-0315
2003,2003-0331-CHN,CHN,Riverine flood,7683930.0,2003-0331
2003,2003-0440-CHN,CHN,Riverine flood,3881737.0,2003-0440
2003,2003-0227-CHN,CHN,Riverine flood,254540.0,2003-0227
2003,2003-0724-CHN,CHN,Riverine flood,15336.0,2003-0724
2004,2004-0372-CHN,CHN,Riverine flood,1704334.0,2004-0372
2004,2004-0457-CHN,CHN,Riverine flood,729765.0,2004-0457
2004,2004-0284-CHN,CHN,Riverine flood,559332.0,2004-0284
2004,2004-0325-CHN,CHN,Riverine flood,82893.0,2004-0325
2005,2005-0344-CHN,CHN,Riverine flood,3236874.0,2005-0344
2005,2005-0475-CHN,CHN,Riverine flood,1368179.0,2005-0475
2005,2005-0334-CHN,CHN,Riverine flood,909621.0,2005-0334
2005,2005-0751-CHN,CHN,Riverine flood,406108.0,2005-0751
2005,2005-0600-CHN,CHN,Riverine flood,359653.0,2005-0600
2005,2005-0592-CHN,CHN,Riverine flood,358154.0,2005-0592
2005,2005-0730-CHN,CHN,Riverine flood,270788.0,2005-0730
2005,2005-0505-CHN,CHN,Riverine flood,839.0,2005-0505
2006,2006-0336-CHN,CHN,Riverine flood,985719.0,2006-0336
2006,2006-0264-CHN,CHN,Riverine flood,570526.0,2006-0264
2006,2006-0199-CHN,CHN,Riverine flood,483423.0,2006-0199
2006,2006-0732-CHN,CHN,Riverine flood,82748.0,2006-0732
2006,2006-0250-CHN,CHN,Riverine flood,52262.0,2006-0250
2006,2006-0367-CHN,CHN,Riverine flood,45003.0,2006-0367
2006,2006-0337-CHN,CHN,Riverine flood,15969.0,2006-0337
2006,2006-0339-CHN,CHN,Riverine flood,9436.0,2006-0339
2007,2007-0268-CHN,CHN,Riverine flood,6246620.0,2007-0268
2007,2007-0314-CHN,CHN,Riverine flood,464369.0,2007-0314
2007,2007-0315-CHN,CHN,Riverine flood,112917.0,2007-0315
2007,2007-0313-CHN,CHN,Riverine flood,56458.0,2007-0313
2007,2007-0448-CHN,CHN,Riverine flood,36698.0,2007-0448
2007,2007-0166-CHN,CHN,Riverine flood,18349.0,2007-0166
2007,2007-0405-CHN,CHN,Riverine flood,7763.0,2007-0405
2008,2008-0243-CHN,CHN,Riverine flood,2990400.0,2008-0243
2008,2008-0598-CHN,CHN,Riverine flood,138646.0,2008-0598
2008,2008-0416-CHN,CHN,Riverine flood,57089.0,2008-0416
2008,2008-0507-CHN,CHN,Riverine flood,39419.0,2008-0507
2008,2008-0263-CHN,CHN,Riverine flood,25826.0,2008-0263
2009,2009-0292-CHN,CHN,Riverine flood,1364123.0,2009-0292
2009,2009-0636-CHN,CHN,Riverine flood,383319.0,2009-0636
2009,2009-0235-CHN,CHN,Riverine flood,80483.0,2009-0235
2009,2009-0613-CHN,CHN,Riverine flood,45016.0,2009-0613
2010,2010-0239-CHN,CHN,Riverine flood,24158011.0,2010-0239
2010,2010-0530-CHN,CHN,Riverine flood,229501.0,2010-0530
2011,2011-0227-CHN,CHN,Riverine flood,8326655.0,2011-0227
2011,2011-0370-CHN,CHN,Riverine flood,5529419.0,2011-0370
2011,2011-0212-CHN,CHN,Riverine flood,70425.0,2011-0212
2012,2012-0292-CHN,CHN,Riverine flood,10197303.0,2012-0292
2012,2012-0197-CHN,CHN,Riverine flood,3186657.0,2012-0197
2012,2012-0173-CHN,CHN,Riverine flood,1529595.0,2012-0173
2012,2012-0581-CHN,CHN,Riverine flood,1019730.0,2012-0581
2012,2012-0477-CHN,CHN,Riverine flood,764798.0,2012-0477
2012,2012-0505-CHN,CHN,Riverine flood,637331.0,2012-0505
2012,2012-0576-CHN,CHN,Riverine flood,481823.0,2012-0576
2012,2012-0603-CHN,CHN,Riverine flood,471625.0,2012-0603
2012,2012-0136-CHN,CHN,Riverine flood,403218.0,2012-0136
2012,2012-0610-CHN,CHN,Riverine flood,390047.0,2012-0610
2013,2013-0317-CHN,CHN,Riverine flood,6231053.0,2013-0317
2013,2013-0259-CHN,CHN,Riverine flood,5805935.0,2013-0259
2013,2013-0257-CHN,CHN,Riverine flood,1758765.0,2013-0257
2013,2013-0262-CHN,CHN,Riverine flood,1758765.0,2013-0262
2013,2013-0200-CHN,CHN,Riverine flood,830388.0,2013-0200
2013,2013-0264-CHN,CHN,Riverine flood,717325.0,2013-0264
2013,2013-0221-CHN,CHN,Riverine flood,697225.0,2013-0221
2013,2013-0273-CHN,CHN,Riverine flood,574111.0,2013-0273
2013,2013-0201-CHN,CHN,Riverine flood,559036.0,2013-0201
2013,2013-0554-CHN,CHN,Riverine flood,515067.0,2013-0554
2013,2013-0416-CHN,CHN,Riverine flood,430897.0,2013-0416
2013,2013-0202-CHN,CHN,Riverine flood,418335.0,2013-0202
2013,2013-0219-CHN,CHN,Riverine flood,347984.0,2013-0219
2013,2013-0199-CHN,CHN,Riverine flood,207283.0,2013-0199
2014,2014-0389-CHN,CHN,Riverine flood,1730689.0,2014-0389
2014,2014-0267-CHN,CHN,Riverine flood,1545258.0,2014-0267
2014,2014-0550-CHN,CHN,Riverine flood,1359827.0,2014-0550
2014,2014-0180-CHN,CHN,Riverine flood,1236207.0,2014-0180
2014,2014-0215-CHN,CHN,Riverine flood,1112586.0,2014-0215
2014,2014-0549-CHN,CHN,Riverine flood,865345.0,2014-0549
2014,2014-0212-CHN,CHN,Riverine flood,836912.0,2014-0212
2014,2014-0323-CHN,CHN,Riverine flood,741724.0,2014-0323
2014,2014-0344-CHN,CHN,Riverine flood,704638.0,2014-0344
2014,2014-0266-CHN,CHN,Riverine flood,618103.0,2014-0266
2014,2014-0217-CHN,CHN,Flood (General),597088.0,2014-0217
2015,2015-0248-CHN,CHN,Riverine flood,2469484.0,2015-0248
2015,2015-0303-CHN,CHN,Flood (General),1481690.0,2015-0303
2015,2015-0185-CHN,CHN,Riverine flood,987794.0,2015-0185
2015,2015-0255-CHN,CHN,Riverine flood,796409.0,2015-0255
2015,2015-0247-CHN,CHN,Riverine flood,771714.0,2015-0247
2015,2015-0220-CHN,CHN,Flood (General),617371.0,2015-0220
2015,2015-0395-CHN,CHN,Flood (General),516122.0,2015-0395
2015,2015-0219-CHN,CHN,Flood (General),313624.0,2015-0219
2015,2015-0397-CHN,CHN,Flood (General),271643.0,2015-0397
2015,2015-0240-CHN,CHN,Flood (General),246948.0,2015-0240
2015,2015-0533-CHN,CHN,Riverine flood,160516.0,2015-0533
2016,2016-0241-CHN,CHN,Flood (General),26825889.0,2016-0241
2016,2016-0257-CHN,CHN,Flood (General),5487114.0,2016-0257
2016,2016-0236-CHN,CHN,Flood (General),3658076.0,2016-0236
2016,2016-0238-CHN,CHN,Flood (General),823067.0,2016-0238
2016,2016-0233-CHN,CHN,Flood (General),809654.0,2016-0233
2016,2016-0194-CHN,CHN,Riverine flood,545053.0,2016-0194
2016,2016-0376-CHN,CHN,Flood (General),158517.0,2016-0376
2016,2016-0137-CHN,CHN,Riverine flood,118278.0,2016-0137
2016,2016-0198-CHN,CHN,Flood (General),84136.0,2016-0198
2016,2016-0389-CHN,CHN,Flood (General),25607.0,2016-0389
2016,2016-0038-CHN,CHN,Riverine flood,24387.0,2016-0038
2017,2017-0245-CHN,CHN,Flood (General),7163559.0,2017-0245
2017,2017-0568-CHN,CHN,Flood (General),587412.0,2017-0568
2017,2017-0476-CHN,CHN,Flood (General),512194.0,2017-0476
2017,2017-0398-CHN,CHN,Flood (General),431007.0,2017-0398
2017,2017-0372-CHN,CHN,Flood (General),376087.0,2017-0372
2017,2017-0264-CHN,CHN,Flood (General),173119.0,2017-0264
2017,2017-0254-CHN,CHN,Flood (General),137302.0,2017-0254
2017,2017-0169-CHN,CHN,Riverine flood,127750.0,2017-0169
2017,2017-0187-CHN,CHN,Riverine flood,111035.0,2017-0187
2017,2017-0463-CHN,CHN,Flood (General),89544.0,2017-0463
2017,2017-0287-CHN,CHN,Flood (General),44175.0,2017-0287
2018,2018-0198-CHN,CHN,Flood (General),2039555.0,2018-0198
2018,2018-0369-CHN,CHN,Flood (General),920713.0,2018-0369
2018,2018-0250-CHN,CHN,Flood (General),910554.0,2018-0250
2018,2018-0252-CHN,CHN,Flood (General),618497.0,2018-0252
2018,2018-0210-CHN,CHN,Flood (General),434717.0,2018-0210
2018,2018-0282-CHN,CHN,Riverine flood,323998.0,2018-0282
2018,2018-0211-CHN,CHN,Flood (General),78086.0,2018-0211
2019,2019-0209-CHN,CHN,Flood (General),7097232.0,2019-0209
2019,2019-0469-CHN,CHN,Riverine flood,360585.0,2019-0469
2019,2019-0611-CHN,CHN,Flood (General),103024.0,2019-0611
2020,2020-0322-CHN,CHN,Flood (General),19223019.0,2020-0322
2020,2020-0581-CHN,CHN,Flood (General),5427676.0,2020-0581
2021,2021-0428-CHN,CHN,Flood (General),17820462.0,2021-0428
2021,2021-0380-CHN,CHN,Flood (General),173885.0,2021-0380
2022,2022-0316-CHN,CHN,Flood (General),5000000.0,2022-0316
2023,2023-0285-CHN,CHN,Flood (General),,2023-0285
2012,2012-0362-CMR,CMR,Riverine flood,2549.0,2012-0362
1998,1998-0397-COG,COG,Riverine flood,106.0,1998-0397
1997,1997-0569-COL,COL,Riverine flood,5470.0,1997-0569
1999,1999-0372-COL,COL,Flood (General),5.0,1999-0372
2005,2005-0083-COL,COL,Riverine flood,14986.0,2005-0083
2010,2010-0168-COL,COL,Riverine flood,1342112.0,2010-0168
2011,2011-0386-COL,COL,Riverine flood,1678341.0,2011-0386
2011,2011-0132-COL,COL,Riverine flood,1340071.0,2011-0132
2012,2012-0238-COL,COL,Riverine flood,79029.0,2012-0238
2012,2012-0187-COL,COL,Riverine flood,50987.0,2012-0187
2013,2013-0513-COL,COL,Riverine flood,2513.0,2013-0513
2014,2014-0505-COL,COL,Riverine flood,9890.0,2014-0505
2017,2017-0215-COL,COL,Riverine flood,2388.0,2017-0215
2020,2020-0477-COL,COL,Flood (General),28269.0,2020-0477
2020,2020-0317-COL,COL,Flood (General),11308.0,2020-0317
2022,2022-0109-COL,COL,Flood (General),11000.0,2022-0109
2012,2012-0113-COM,COM,Riverine flood,6373.0,2012-0113
1994,1994-0506-CRI,CRI,Riverine flood,5923.0,1994-0506
1996,1996-0023-CRI,CRI,Riverine flood,466457.0,1996-0023
1999,1999-0350-CRI,CRI,Flood (General),1757.0,1999-0350
2002,2002-0263-CRI,CRI,Riverine flood,1627.0,2002-0263
2005,2005-0021-CRI,CRI,Riverine flood,37464.0,2005-0021
2007,2007-0503-CRI,CRI,Riverine flood,112917.0,2007-0503
2008,2008-0551-CRI,CRI,Riverine flood,29904.0,2008-0551
1992,1992-0017-CUB,CUB,Riverine flood,5402.0,1992-0017
2022,2022-0366-CUB,CUB,Flood (General),25000.0,2022-0366
1996,1996-0499-CZE,CZE,Riverine flood,67170.0,1996-0499
1997,1997-0142-CZE,CZE,Riverine flood,3372930.0,1997-0142
1998,1998-0224-CZE,CZE,Riverine flood,93358.0,1998-0224
2000,2000-0167-CZE,CZE,Riverine flood,135960.0,2000-0167
2002,2002-0479-CZE,CZE,Riverine flood,3904776.0,2002-0479
2009,2009-0228-CZE,CZE,Riverine flood,204618.0,2009-0228
2010,2010-0193-CZE,CZE,Riverine flood,255001.0,2010-0193
2013,2013-0205-CZE,CZE,Riverine flood,1040877.0,2013-0205
1992,1992-0556-DEU,DEU,Flood (General),62779.0,1992-0556
1993,1993-0237-DEU,DEU,Riverine flood,1215526.0,1993-0237
1994,1994-0048-DEU,DEU,Riverine flood,394879.0,1994-0048
1994,1994-0098-DEU,DEU,Riverine flood,382046.0,1994-0098
1997,1997-0154-DEU,DEU,Riverine flood,656354.0,1997-0154
1999,1999-0182-DEU,DEU,Riverine flood,755465.0,1999-0182
2002,2002-0467-DEU,DEU,Flood (General),18873085.0,2002-0467
2005,2005-0451-DEU,DEU,Riverine flood,329682.0,2005-0451
2009,2009-0228-DEU,DEU,Riverine flood,27282.0,2009-0228
2013,2013-0205-DEU,DEU,Riverine flood,16205764.0,2013-0205
2016,2016-0179-DEU,DEU,Flood (General),2438717.0,2016-0179
2021,2021-0411-DEU,DEU,Flood (General),43201120.0,2021-0411
1991,1991-0296-DFR,DFR,Riverine flood,120335.0,1991-0296
1994,1994-0507-DJI,DJI,Riverine flood,4184.0,1994-0507
2002,2002-0840-DOM,DOM,Flood (General),813.0,2002-0840
2003,2003-0238-DOM,DOM,Riverine flood,3341.0,2003-0238
2009,2009-0016-DOM,DOM,Riverine flood,60021.0,2009-0016
2009,2009-0042-DOM,DOM,Riverine flood,11463.0,2009-0042
2013,2013-0531-DOM,DOM,Riverine flood,128.0,2013-0531
2023,2023-0763-DOM,DOM,Flood (General),,2023-0763
1992,1992-0011-DZA,DZA,Riverine flood,1877.0,1992-0011
2001,2001-0620-DZA,DZA,Riverine flood,495838.0,2001-0620
2002,2002-0540-DZA,DZA,Riverine flood,2440.0,2002-0540
2005,2005-0324-DZA,DZA,Flood (General),10873.0,2005-0324
2006,2006-0088-DZA,DZA,Riverine flood,1742.0,2006-0088
2011,2011-0408-DZA,DZA,Riverine flood,1013510.0,2011-0408
1992,1992-0024-ECU,ECU,Riverine flood,41713.0,1992-0024
1997,1997-0526-ECU,ECU,Flood (General),494089.0,1997-0526
2002,2002-0125-ECU,ECU,Riverine flood,21151.0,2002-0125
2002,2002-0162-ECU,ECU,Flood (General),4881.0,2002-0162
2006,2006-0093-ECU,ECU,Riverine flood,4065.0,2006-0093
2008,2008-0048-ECU,ECU,Riverine flood,1359273.0,2008-0048
2022,2022-0068-ECU,ECU,Flood (General),53000.0,2022-0068
2023,2023-0126-ECU,ECU,Flood (General),,2023-0126
1994,1994-0509-EGY,EGY,Riverine flood,276415.0,1994-0509
1997,1997-0250-EGY,EGY,Flood (General),1823.0,1997-0250
1996,1996-0281-ESP,ESP,Riverine flood,1075835.0,1996-0281
2004,2004-0145-ESP,ESP,Riverine flood,22133.0,2004-0145
2007,2007-0174-ESP,ESP,Riverine flood,564583.0,2007-0174
2012,2012-0449-ESP,ESP,Riverine flood,503492.0,2012-0449
2018,2018-0361-ESP,ESP,Flood (General),174819.0,2018-0361
2019,2019-0413-ESP,ESP,Flood (General),2861787.0,2019-0413
2019,2019-0015-ESP,ESP,Riverine flood,66393.0,2019-0015
2021,2021-0766-ESP,ESP,Flood (General),38881.0,2021-0766
2023,2023-0581-ESP,ESP,Flood (General),,2023-0581
1994,1994-0194-ETH,ETH,Riverine flood,6910.0,1994-0194
1995,1995-0103-ETH,ETH,Riverine flood,960.0,1995-0103
1999,1999-0351-ETH,ETH,Riverine flood,4744.0,1999-0351
2013,2013-0125-ETH,ETH,Riverine flood,2764.0,2013-0125
2006,2006-0071-FJI,FJI,Riverine flood,726.0,2006-0071
2007,2007-0108-FJI,FJI,Riverine flood,42344.0,2007-0108
2009,2009-0013-FJI,FJI,Riverine flood,58994.0,2009-0013
2012,2012-0069-FJI,FJI,Riverine flood,91776.0,2012-0069
2012,2012-0024-FJI,FJI,Riverine flood,21669.0,2012-0024
1993,1993-0237-FRA,FRA,Riverine flood,1215526.0,1993-0237
1994,1994-0556-FRA,FRA,Flood (General),187568.0,1994-0556
1994,1994-0048-FRA,FRA,Riverine flood,9872.0,1994-0048
2001,2001-0193-FRA,FRA,Riverine flood,218747.0,2001-0193
2002,2002-0574-FRA,FRA,Riverine flood,1936118.0,2002-0574
2016,2016-0179-FRA,FRA,Flood (General),2926461.0,2016-0179
2018,2018-0037-FRA,FRA,Flood (General),433551.0,2018-0037
2018,2018-0375-FRA,FRA,Flood (General),396256.0,2018-0375
2021,2021-0792-FRA,FRA,Flood (General),24841.0,2021-0792
2021,2021-0063-FRA,FRA,Flood (General),10800.0,2021-0063
2023,2023-0734-FRA,FRA,Flood (General),,2023-0734
1993,1993-0237-GBR,GBR,Riverine flood,303882.0,1993-0237
1993,1993-0098-GBR,GBR,Flood (General),74957.0,1993-0098
1994,1994-0589-GBR,GBR,Riverine flood,288262.0,1994-0589
1994,1994-0048-GBR,GBR,Riverine flood,177696.0,1994-0048
1997,1997-0350-GBR,GBR,Flood (General),273481.0,1997-0350
1997,1997-0340-GBR,GBR,Riverine flood,179403.0,1997-0340
1998,1998-0441-GBR,GBR,Riverine flood,897668.0,1998-0441
1999,1999-0091-GBR,GBR,Riverine flood,57415.0,1999-0091
2000,2000-0662-GBR,GBR,Riverine flood,10027082.0,2000-0662
2007,2007-0247-GBR,GBR,Riverine flood,5645827.0,2007-0247
2007,2007-0278-GBR,GBR,Riverine flood,5645827.0,2007-0278
2007,2007-0201-GBR,GBR,Riverine flood,632333.0,2007-0201
2008,2008-0381-GBR,GBR,Riverine flood,67964.0,2008-0381
2009,2009-0497-GBR,GBR,Riverine flood,660235.0,2009-0497
2012,2012-0552-GBR,GBR,Riverine flood,2077701.0,2012-0552
2012,2012-0548-GBR,GBR,Riverine flood,573598.0,2012-0548
2012,2012-0446-GBR,GBR,Riverine flood,103248.0,2012-0446
2013,2013-0572-GBR,GBR,Riverine flood,1884391.0,2013-0572
2014,2014-0039-GBR,GBR,Riverine flood,771393.0,2014-0039
2015,2015-0561-GBR,GBR,Riverine flood,1481690.0,2015-0561
1995,1995-0173-GEO,GEO,Riverine flood,4225.0,1995-0173
1997,1997-0568-GEO,GEO,Riverine flood,35553.0,1997-0568
1997,1997-0565-GEO,GEO,Riverine flood,18232.0,1997-0565
2004,2004-0401-GEO,GEO,Riverine flood,3340.0,2004-0401
1995,1995-0140-GHA,GHA,Riverine flood,24006.0,1995-0140
1999,1999-0315-GHA,GHA,Riverine flood,36895.0,1999-0315
2015,2015-0217-GHA,GHA,Flood (General),14817.0,2015-0217
1994,1994-0543-GRC,GRC,Riverine flood,864193.0,1994-0543
1997,1997-0555-GRC,GRC,Flood (General),291713.0,1997-0555
2003,2003-0097-GRC,GRC,Riverine flood,954525.0,2003-0097
2006,2006-0541-GRC,GRC,Riverine flood,8215.0,2006-0541
2016,2016-0334-GRC,GRC,Flood (General),68284.0,2016-0334
2020,2020-0331-GRC,GRC,Flood (General),33923.0,2020-0331
1999,1999-0361-GTM,GTM,Flood (General),1757.0,1999-0361
2011,2011-0386-GTM,GTM,Riverine flood,80551.0,2011-0386
2022,2022-0317-GTM,GTM,Flood (General),204000.0,2022-0317
2005,2005-0042-GUY,GUY,Riverine flood,696977.0,2005-0042
2006,2006-0041-GUY,GUY,Riverine flood,245341.0,2006-0041
1992,1992-0196-HKG,HKG,Riverine flood,104284.0,1992-0196
1994,1994-0166-HKG,HKG,Riverine flood,73053.0,1994-0166
1997,1997-0144-HKG,HKG,Riverine flood,18232.0,1997-0144
1990,1990-0115-HND,HND,Riverine flood,223985.0,1990-0115
1995,1995-0186-HND,HND,Flood (General),7682.0,1995-0186
1996,1996-0265-HND,HND,Flood (General),57841.0,1996-0265
1999,1999-0324-HND,HND,Flood (General),2635.0,1999-0324
2002,2002-0329-HND,HND,Riverine flood,162699.0,2002-0329
2003,2003-0661-HND,HND,Riverine flood,31818.0,2003-0661
2006,2006-0338-HND,HND,Riverine flood,11614.0,2006-0338
2014,2014-0447-HND,HND,Riverine flood,1731.0,2014-0447
2010,2010-0193-HRV,HRV,Riverine flood,107369.0,2010-0193
2016,2016-0053-HTI,HTI,Riverine flood,2439.0,2016-0053
2023,2023-0339-HTI,HTI,Flood (General),,2023-0339
1997,1997-0154-HUN,HUN,Riverine flood,18232.0,1997-0154
1999,1999-0064-HUN,HUN,Riverine flood,289888.0,1999-0064
1999,1999-0203-HUN,HUN,Riverine flood,225585.0,1999-0203
2000,2000-0191-HUN,HUN,Riverine flood,93473.0,2000-0191
2001,2001-0095-HUN,HUN,Riverine flood,8264.0,2001-0095
2002,2002-0506-HUN,HUN,Riverine flood,48810.0,2002-0506
2005,2005-0473-HUN,HUN,Riverine flood,71931.0,2005-0473
2010,2010-0193-HUN,HUN,Riverine flood,590529.0,2010-0193
1990,1990-0005-IDN,IDN,Riverine flood,10751.0,1990-0005
1991,1991-0692-IDN,IDN,Riverine flood,31803.0,1991-0692
1993,1993-0003-IDN,IDN,Riverine flood,39101.0,1993-0003
1994,1994-0626-IDN,IDN,Riverine flood,35825.0,1994-0626
1994,1994-0012-IDN,IDN,Riverine flood,3751.0,1994-0012
1994,1994-0783-IDN,IDN,Riverine flood,3356.0,1994-0783
1994,1994-0773-IDN,IDN,Flood (General),2962.0,1994-0773
1995,1995-0476-IDN,IDN,Riverine flood,96026.0,1995-0476
1995,1995-0029-IDN,IDN,Riverine flood,768.0,1995-0029
1996,1996-0082-IDN,IDN,Riverine flood,811261.0,1996-0082
1996,1996-0495-IDN,IDN,Riverine flood,236773.0,1996-0495
1996,1996-0118-IDN,IDN,Riverine flood,802.0,1996-0118
2000,2000-0770-IDN,IDN,Riverine flood,57783.0,2000-0770
2002,2002-0054-IDN,IDN,Riverine flood,569447.0,2002-0054
2002,2002-0732-IDN,IDN,Riverine flood,2603.0,2002-0732
2004,2004-0098-IDN,IDN,Riverine flood,92964.0,2004-0098
2006,2006-0074-IDN,IDN,Riverine flood,39342.0,2006-0074
2007,2007-0050-IDN,IDN,Riverine flood,1370524.0,2007-0050
2008,2008-0383-IDN,IDN,Riverine flood,1468.0,2008-0383
2008,2008-0052-IDN,IDN,Riverine flood,888.0,2008-0052
2013,2013-0007-IDN,IDN,Riverine flood,3768782.0,2013-0007
2013,2013-0063-IDN,IDN,Riverine flood,2513.0,2013-0063
2013,2013-0541-IDN,IDN,Riverine flood,2513.0,2013-0541
2013,2013-0553-IDN,IDN,Riverine flood,2513.0,2013-0553
2014,2014-0056-IDN,IDN,Riverine flood,741724.0,2014-0056
2014,2014-0038-IDN,IDN,Riverine flood,213864.0,2014-0038
2014,2014-0018-IDN,IDN,Riverine flood,189140.0,2014-0018
2014,2014-0057-IDN,IDN,Riverine flood,2472.0,2014-0057
2015,2015-0077-IDN,IDN,Riverine flood,290164.0,2015-0077
2016,2016-0527-IDN,IDN,Flood (General),90233.0,2016-0527
2016,2016-0345-IDN,IDN,Flood (General),26826.0,2016-0345
2016,2016-0525-IDN,IDN,Flood (General),12194.0,2016-0525
2016,2016-0040-IDN,IDN,Flood (General),2439.0,2016-0040
2017,2017-0111-IDN,IDN,Riverine flood,22685.0,2017-0111
2019,2019-0168-IDN,IDN,Flood (General),17171.0,2019-0168
2020,2020-0059-IDN,IDN,Flood (General),11308.0,2020-0059
2020,2020-0325-IDN,IDN,Flood (General),11308.0,2020-0325
2021,2021-0088-IDN,IDN,Flood (General),54001.0,2021-0088
2022,2022-0120-IDN,IDN,Flood (General),62000.0,2022-0120
2022,2022-0087-IDN,IDN,Flood (General),12000.0,2022-0087
1991,1991-0509-IND,IND,Riverine flood,253564.0,1991-0509
1991,1991-0278-IND,IND,Riverine flood,214885.0,1991-0278
1991,1991-0766-IND,IND,Riverine flood,85954.0,1991-0766
1992,1992-0147-IND,IND,Riverine flood,379801.0,1992-0147
1992,1992-0483-IND,IND,Flood (General),143912.0,1992-0483
1992,1992-0083-IND,IND,Riverine flood,120656.0,1992-0083
1993,1993-0042-IND,IND,Flood (General),14181141.0,1993-0042
1993,1993-0325-IND,IND,Riverine flood,1012939.0,1993-0325
1994,1994-0068-IND,IND,Flood (General),345519.0,1994-0068
1995,1995-0228-IND,IND,Riverine flood,495494.0,1995-0228
1995,1995-0491-IND,IND,Riverine flood,3841.0,1995-0491
1995,1995-0485-IND,IND,Riverine flood,484.0,1995-0485
1996,1996-0245-IND,IND,Riverine flood,168671.0,1996-0245
1996,1996-0496-IND,IND,Riverine flood,158595.0,1996-0496
1996,1996-0501-IND,IND,Flood (General),32839.0,1996-0501
1996,1996-0503-IND,IND,Riverine flood,1829.0,1996-0503
1997,1997-0337-IND,IND,Riverine flood,280409.0,1997-0337
1997,1997-0170-IND,IND,Riverine flood,129448.0,1997-0170
1998,1998-0450-IND,IND,Flood (General),949015.0,1998-0450
1999,1999-0371-IND,IND,Flood (General),4217.0,1999-0371
2000,2000-0610-IND,IND,Riverine flood,1175208.0,2000-0610
2000,2000-0445-IND,IND,Riverine flood,73079.0,2000-0445
2001,2001-0387-IND,IND,Riverine flood,193251.0,2001-0387
2001,2001-0794-IND,IND,Flood (General),170238.0,2001-0794
2001,2001-0332-IND,IND,Riverine flood,148752.0,2001-0332
2001,2001-0515-IND,IND,Flood (General),42973.0,2001-0515
2002,2002-0374-IND,IND,Riverine flood,50066.0,2002-0374
2002,2002-0490-IND,IND,Riverine flood,32540.0,2002-0490
2003,2003-0683-IND,IND,Riverine flood,268858.0,2003-0683
2004,2004-0298-IND,IND,Riverine flood,3873487.0,2004-0298
2004,2004-0734-IND,IND,Riverine flood,427633.0,2004-0734
2005,2005-0409-IND,IND,Riverine flood,4990180.0,2005-0409
2005,2005-0335-IND,IND,Riverine flood,3446671.0,2005-0335
2005,2005-0541-IND,IND,Riverine flood,629392.0,2005-0541
2005,2005-0599-IND,IND,Riverine flood,175331.0,2005-0599
2005,2005-0361-IND,IND,Riverine flood,34467.0,2005-0361
2006,2006-0417-IND,IND,Riverine flood,4921334.0,2006-0417
2007,2007-0603-IND,IND,Riverine flood,142770.0,2007-0603
2008,2008-0486-IND,IND,Riverine flood,27185.0,2008-0486
2008,2008-0130-IND,IND,Flood (General),2719.0,2008-0130
2009,2009-0429-IND,IND,Riverine flood,2932864.0,2009-0429
2009,2009-0409-IND,IND,Riverine flood,300107.0,2009-0409
2009,2009-0483-IND,IND,Riverine flood,87304.0,2009-0483
2010,2010-0492-IND,IND,Riverine flood,2254748.0,2010-0492
2010,2010-0276-IND,IND,Riverine flood,599924.0,2010-0276
2010,2010-0629-IND,IND,Riverine flood,29526.0,2010-0629
2011,2011-0371-IND,IND,Riverine flood,1209967.0,2011-0371
2011,2011-0473-IND,IND,Riverine flood,562049.0,2011-0473
2011,2011-0327-IND,IND,Riverine flood,357786.0,2011-0327
2011,2011-0647-IND,IND,Riverine flood,26021.0,2011-0647
2012,2012-0334-IND,IND,Riverine flood,140213.0,2012-0334
2012,2012-0382-IND,IND,Riverine flood,124917.0,2012-0382
2012,2012-0354-IND,IND,Riverine flood,25493.0,2012-0354
2012,2012-0584-IND,IND,Riverine flood,20395.0,2012-0584
2013,2013-0192-IND,IND,Riverine flood,1381887.0,2013-0192
2013,2013-0400-IND,IND,Riverine flood,326628.0,2013-0400
2013,2013-0260-IND,IND,Riverine flood,2513.0,2013-0260
2014,2014-0343-IND,IND,Riverine flood,19779307.0,2014-0343
2014,2014-0313-IND,IND,Riverine flood,247241.0,2014-0313
2014,2014-0391-IND,IND,Riverine flood,201502.0,2014-0391
2014,2014-0409-IND,IND,Riverine flood,123621.0,2014-0409
2014,2014-0218-IND,IND,Riverine flood,2472.0,2014-0218
2015,2015-0504-IND,IND,Flood (General),2716432.0,2015-0504
2015,2015-0249-IND,IND,Riverine flood,745784.0,2015-0249
2016,2016-0391-IND,IND,Flood (General),718202.0,2016-0391
2016,2016-0271-IND,IND,Flood (General),426776.0,2016-0271
2016,2016-0276-IND,IND,Flood (General),195097.0,2016-0276
2016,2016-0139-IND,IND,Flood (General),182904.0,2016-0139
2017,2017-0342-IND,IND,Flood (General),1870883.0,2017-0342
2017,2017-0294-IND,IND,Flood (General),298482.0,2017-0294
2018,2018-0216-IND,IND,Flood (General),2914.0,2018-0216
2019,2019-0331-IND,IND,Flood (General),11447148.0,2019-0331
2020,2020-0304-IND,IND,Flood (General),8480744.0,2020-0304
2020,2020-0446-IND,IND,Flood (General),4523063.0,2020-0446
2020,2020-0198-IND,IND,Flood (General),11308.0,2020-0198
2021,2021-0435-IND,IND,Flood (General),3348087.0,2021-0435
2021,2021-0316-IND,IND,Flood (General),108003.0,2021-0316
2022,2022-0293-IND,IND,Flood (General),4200000.0,2022-0293
2011,2011-0453-IRL,IRL,Riverine flood,422838.0,2011-0453
1990,1990-0412-IRN,IRN,Riverine flood,173364.0,1990-0412
1991,1991-0542-IRN,IRN,Riverine flood,868134.0,1991-0542
1991,1991-0030-IRN,IRN,Riverine flood,60168.0,1991-0030
1991,1991-0763-IRN,IRN,Riverine flood,3008.0,1991-0763
1992,1992-0073-IRN,IRN,Riverine flood,6192575.0,1992-0073
1992,1992-0074-IRN,IRN,Riverine flood,1043463.0,1992-0074
1993,1993-0004-IRN,IRN,Riverine flood,2025877.0,1993-0004
1993,1993-0585-IRN,IRN,Flood (General),423408.0,1993-0585
1993,1993-0219-IRN,IRN,Flood (General),35048.0,1993-0219
1994,1994-0511-IRN,IRN,Riverine flood,280364.0,1994-0511
1995,1995-0466-IRN,IRN,Riverine flood,172847.0,1995-0466
1996,1996-0465-IRN,IRN,Riverine flood,37317.0,1996-0465
1996,1996-0121-IRN,IRN,Riverine flood,16792.0,1996-0121
1996,1996-0476-IRN,IRN,Riverine flood,14796.0,1996-0476
1997,1997-0563-IRN,IRN,Riverine flood,36464.0,1997-0563
1997,1997-0561-IRN,IRN,Riverine flood,9116.0,1997-0561
1998,1998-0320-IRN,IRN,Riverine flood,90664.0,1998-0320
2001,2001-0375-IRN,IRN,Riverine flood,41320.0,2001-0375
2002,2002-0020-IRN,IRN,Riverine flood,96090.0,2002-0020
2002,2002-0500-IRN,IRN,Riverine flood,6508.0,2002-0500
2003,2003-0232-IRN,IRN,Riverine flood,1333.0,2003-0232
2006,2006-0245-IRN,IRN,Riverine flood,23228.0,2006-0245
2014,2014-0171-IRN,IRN,Flood (General),60574.0,2014-0171
2019,2019-0125-IRN,IRN,Flood (General),2861787.0,2019-0125
2019,2019-0082-IRN,IRN,Flood (General),91577.0,2019-0082
2020,2020-0118-IRN,IRN,Flood (General),1696149.0,2020-0118
2020,2020-0017-IRN,IRN,Flood (General),913659.0,2020-0017
2020,2020-0535-IRN,IRN,Flood (General),56538.0,2020-0535
2006,2006-0065-IRQ,IRQ,Riverine flood,1887.0,2006-0065
2020,2020-0116-IRQ,IRQ,Flood (General),113077.0,2020-0116
1997,1997-0250-ISR,ISR,Flood (General),72928.0,1997-0250
1992,1992-0376-ITA,ITA,Riverine flood,1433484.0,1992-0376
1992,1992-0266-ITA,ITA,Riverine flood,20857.0,1992-0266
1994,1994-0557-ITA,ITA,Riverine flood,18361882.0,1994-0557
2000,2000-0752-ITA,ITA,Flood (General),84975.0,2000-0752
2002,2002-0740-ITA,ITA,Riverine flood,569447.0,2002-0740
2002,2002-0472-ITA,ITA,Flood (General),481589.0,2002-0472
2003,2003-0433-ITA,ITA,Riverine flood,1042024.0,2003-0433
2003,2003-0043-ITA,ITA,Riverine flood,238631.0,2003-0043
2008,2008-0579-ITA,ITA,Riverine flood,377878.0,2008-0579
2009,2009-0428-ITA,ITA,Riverine flood,27282.0,2009-0428
2012,2012-0466-ITA,ITA,Riverine flood,19120.0,2012-0466
2013,2013-0441-ITA,ITA,Riverine flood,979883.0,2013-0441
2014,2014-0045-ITA,ITA,Riverine flood,363445.0,2014-0045
2016,2016-0453-ITA,ITA,Riverine flood,121936.0,2016-0453
2017,2017-0544-ITA,ITA,Riverine flood,149241.0,2017-0544
2020,2020-0540-ITA,ITA,Flood (General),11308.0,2020-0540
2023,2023-0293-ITA,ITA,Flood (General),,2023-0293
1993,1993-0036-JAM,JAM,Flood (General),22285.0,1993-0036
2002,2002-0325-JAM,JAM,Riverine flood,32540.0,2002-0325
1997,1997-0250-JOR,JOR,Flood (General),1823.0,1997-0250
1990,1990-0572-JPN,JPN,Riverine flood,3807742.0,1990-0572
1995,1995-0146-JPN,JPN,Flood (General),142694.0,1995-0146
1999,1999-0243-JPN,JPN,Riverine flood,187988.0,1999-0243
2003,2003-0343-JPN,JPN,Riverine flood,11136.0,2003-0343
2012,2012-0195-JPN,JPN,Riverine flood,1784528.0,2012-0195
2013,2013-0265-JPN,JPN,Riverine flood,2513.0,2013-0265
2015,2015-0418-JPN,JPN,Riverine flood,1728639.0,2015-0418
2017,2017-0246-JPN,JPN,Riverine flood,835749.0,2017-0246
2018,2018-0190-JPN,JPN,Flood (General),11071871.0,2018-0190
2019,2019-0409-JPN,JPN,Flood (General),114471.0,2019-0409
2020,2020-0296-JPN,JPN,Flood (General),6558442.0,2020-0296
2021,2021-0508-JPN,JPN,Flood (General),108003.0,2021-0508
2022,2022-0496-JPN,JPN,Flood (General),141000.0,2022-0496
1993,1993-0037-KAZ,KAZ,Riverine flood,74009.0,1993-0037
2000,2000-0235-KAZ,KAZ,Flood (General),2549.0,2000-0235
2008,2008-0095-KAZ,KAZ,Riverine flood,176705.0,2008-0095
2011,2011-0178-KAZ,KAZ,Riverine flood,87170.0,2011-0178
1997,1997-0255-KEN,KEN,Flood (General),21514.0,1997-0255
2001,2001-0032-KEN,KEN,Riverine flood,63.0,2001-0032
2012,2012-0166-KEN,KEN,Riverine flood,127466.0,2012-0166
2013,2013-0123-KEN,KEN,Riverine flood,45225.0,2013-0123
2018,2018-0132-KEN,KEN,Flood (General),407911.0,2018-0132
2020,2020-0164-KEN,KEN,Flood (General),11308.0,2020-0164
2005,2005-0359-KGZ,KGZ,Riverine flood,3986.0,2005-0359
2007,2007-0195-KGZ,KGZ,Riverine flood,282.0,2007-0195
1991,1991-0211-KHM,KHM,Riverine flood,322327.0,1991-0211
1996,1996-0221-KHM,KHM,Riverine flood,2799.0,1996-0221
2000,2000-0438-KHM,KHM,Riverine flood,271921.0,2000-0438
2001,2001-0485-KHM,KHM,Riverine flood,24792.0,2001-0485
2002,2002-0522-KHM,KHM,Riverine flood,163.0,2002-0522
2007,2007-0410-KHM,KHM,Riverine flood,1411.0,2007-0410
2010,2010-0552-KHM,KHM,Riverine flood,93948.0,2010-0552
2011,2011-0364-KHM,KHM,Riverine flood,677842.0,2011-0364
2013,2013-0380-KHM,KHM,Riverine flood,628130.0,2013-0380
1990,1990-0075-KOR,KOR,Riverine flood,85114.0,1990-0075
1991,1991-0177-KOR,KOR,Riverine flood,225629.0,1991-0177
1996,1996-0109-KOR,KOR,Flood (General),223899.0,1996-0109
1997,1997-0560-KOR,KOR,Riverine flood,3008.0,1997-0560
2000,2000-0441-KOR,KOR,Flood (General),39089.0,2000-0441
2002,2002-0474-KOR,KOR,Riverine flood,561312.0,2002-0474
2004,2004-0381-KOR,KOR,Riverine flood,8596.0,2004-0381
2004,2004-0500-KOR,KOR,Riverine flood,1622.0,2004-0500
2011,2011-0426-KOR,KOR,Riverine flood,67654.0,2011-0426
2020,2020-0333-KOR,KOR,Flood (General),474922.0,2020-0333
2022,2022-0500-KOR,KOR,Flood (General),423000.0,2022-0500
1992,1992-0488-LAO,LAO,Riverine flood,45526.0,1992-0488
2000,2000-0583-LAO,LAO,Flood (General),1700.0,2000-0583
2013,2013-0417-LAO,LAO,Riverine flood,76632.0,2013-0417
2013,2013-0338-LAO,LAO,Riverine flood,75376.0,2013-0338
2015,2015-0324-LAO,LAO,Flood (General),12347.0,2015-0324
2016,2016-0316-LAO,LAO,Flood (General),61.0,2016-0316
1995,1995-0418-LBY,LBY,Flood (General),81046.0,1995-0418
2019,2019-0224-LBY,LBY,Flood (General),8127.0,2019-0224
1991,1991-0321-LKA,LKA,Riverine flood,64465.0,1991-0321
1992,1992-0206-LKA,LKA,Riverine flood,521419.0,1992-0206
1992,1992-0472-LKA,LKA,Flood (General),5736.0,1992-0472
1993,1993-0040-LKA,LKA,Riverine flood,628.0,1993-0040
1995,1995-0108-LKA,LKA,Riverine flood,768.0,1995-0108
1997,1997-0570-LKA,LKA,Riverine flood,766.0,1997-0570
2000,2000-0741-LKA,LKA,Riverine flood,5099.0,2000-0741
2006,2006-0602-LKA,LKA,Riverine flood,4355.0,2006-0602
2010,2010-0191-LKA,LKA,Riverine flood,140922.0,2010-0191
2011,2011-0049-LKA,LKA,Riverine flood,390312.0,2011-0049
2011,2011-0024-LKA,LKA,Riverine flood,260208.0,2011-0024
2012,2012-0537-LKA,LKA,Riverine flood,1530.0,2012-0537
2013,2013-0220-LKA,LKA,Riverine flood,2513.0,2013-0220
2014,2014-0181-LKA,LKA,Riverine flood,2472.0,2014-0181
2016,2016-0153-LKA,LKA,Flood (General),1463230.0,2016-0153
2017,2017-0153-LKA,LKA,Flood (General),464437.0,2017-0153
1993,1993-0237-LUX,LUX,Riverine flood,20259.0,1993-0237
1995,1995-0177-MAR,MAR,Riverine flood,17285.0,1995-0177
1996,1996-0014-MAR,MAR,Riverine flood,102620.0,1996-0014
2001,2001-0694-MAR,MAR,Riverine flood,3636.0,2001-0694
2002,2002-0734-MAR,MAR,Riverine flood,325398.0,2002-0734
1994,1994-0180-MDA,MDA,Riverine flood,592319.0,1994-0180
1997,1997-0522-MDA,MDA,Flood (General),91160.0,1997-0522
1999,1999-0194-MDA,MDA,Flood (General),7028.0,1999-0194
2002,2002-0381-MDA,MDA,Flood (General),1354.0,2002-0381
2005,2005-0519-MDA,MDA,Riverine flood,11617.0,2005-0519
2003,2003-0037-MDG,MDG,Riverine flood,238631.0,2003-0037
1990,1990-0596-MEX,MEX,Riverine flood,98553.0,1990-0596
1991,1991-0452-MEX,MEX,Flood (General),4298.0,1991-0452
1993,1993-0009-MEX,MEX,Riverine flood,193269.0,1993-0009
2004,2004-0259-MEX,MEX,Riverine flood,5578.0,2004-0259
2007,2007-0521-MEX,MEX,Riverine flood,4234370.0,2007-0521
2010,2010-0058-MEX,MEX,Riverine flood,21474.0,2010-0058
2021,2021-0647-MEX,MEX,Flood (General),10800.0,2021-0647
1995,1995-0416-MKD,MKD,Flood (General),470527.0,1995-0416
2004,2004-0252-MKD,MKD,Riverine flood,5578.0,2004-0252
1991,1991-0168-MMR,MMR,Riverine flood,171564.0,1991-0168
1992,1992-0489-MMR,MMR,Flood (General),114952.0,1992-0489
2015,2015-0308-MMR,MMR,Riverine flood,146934.0,2015-0308
2016,2016-0369-MMR,MMR,Flood (General),2439.0,2016-0369
2009,2009-0269-MNG,MNG,Riverine flood,128.0,2009-0269
1999,1999-0071-MOZ,MOZ,Riverine flood,21786.0,1999-0071
2000,2000-0012-MOZ,MOZ,Riverine flood,712433.0,2000-0012
2007,2007-0614-MOZ,MOZ,Flood (General),141146.0,2007-0614
2007,2007-0020-MOZ,MOZ,Riverine flood,100213.0,2007-0020
2013,2013-0011-MOZ,MOZ,Riverine flood,37688.0,2013-0011
2018,2018-0048-MOZ,MOZ,Flood (General),5944.0,2018-0048
2013,2013-0374-MRT,MRT,Riverine flood,2513.0,2013-0374
1998,1998-0018-MWI,MWI,Riverine flood,160.0,1998-0018
2000,2000-0118-MWI,MWI,Flood (General),1700.0,2000-0118
2015,2015-0011-MWI,MWI,Riverine flood,481549.0,2015-0011
2004,2004-0635-MYS,MYS,Riverine flood,15494.0,2004-0635
2007,2007-0021-MYS,MYS,Riverine flood,853931.0,2007-0021
2007,2007-0611-MYS,MYS,Riverine flood,512359.0,2007-0611
2013,2013-0535-MYS,MYS,Riverine flood,2513.0,2013-0535
2014,2014-0494-MYS,MYS,Riverine flood,351083.0,2014-0494
2016,2016-0516-MYS,MYS,Flood (General),160955.0,2016-0516
2020,2020-0272-MYS,MYS,Flood (General),7689.0,2020-0272
2022,2022-0119-MYS,MYS,Flood (General),240.0,2022-0119
2006,2006-0108-NAM,NAM,Riverine flood,12325.0,2006-0108
2011,2011-0081-NAM,NAM,Riverine flood,15612.0,2011-0081
2012,2012-0302-NER,NER,Riverine flood,234685.0,2012-0302
2013,2013-0336-NER,NER,Riverine flood,81310.0,2013-0336
2014,2014-0289-NER,NER,Riverine flood,2472.0,2014-0289
2017,2017-0370-NER,NER,Flood (General),11939.0,2017-0370
2020,2020-0336-NER,NER,Flood (General),11308.0,2020-0336
1994,1994-0208-NGA,NGA,Riverine flood,131297.0,1994-0208
2000,2000-0547-NGA,NGA,Flood (General),3229.0,2000-0547
2003,2003-0455-NGA,NGA,Riverine flood,4089.0,2003-0455
2005,2005-0423-NGA,NGA,Riverine flood,220.0,2005-0423
2010,2010-0509-NGA,NGA,Riverine flood,40263.0,2010-0509
2011,2011-0230-NGA,NGA,Riverine flood,5855.0,2011-0230
2012,2012-0366-NGA,NGA,Riverine flood,637331.0,2012-0366
2015,2015-0448-NGA,NGA,Riverine flood,30869.0,2015-0448
2018,2018-0365-NGA,NGA,Flood (General),320502.0,2018-0365
2020,2020-0455-NGA,NGA,Flood (General),113077.0,2020-0455
2022,2022-0674-NGA,NGA,Flood (General),4200000.0,2022-0674
2002,2002-0328-NIC,NIC,Riverine flood,81.0,2002-0328
1992,1992-0555-NLD,NLD,Riverine flood,57565.0,1992-0555
1998,1998-0293-NLD,NLD,Riverine flood,951528.0,1998-0293
1995,1995-0095-NOR,NOR,Riverine flood,576155.0,1995-0095
1995,1995-0105-NPL,NPL,Riverine flood,2305.0,1995-0105
1998,1998-0221-NPL,NPL,Flood (General),39497.0,1998-0221
1998,1998-0282-NPL,NPL,Riverine flood,8977.0,1998-0282
1999,1999-0220-NPL,NPL,Riverine flood,3514.0,1999-0220
2000,2000-0476-NPL,NPL,Flood (General),10707.0,2000-0476
2007,2007-0307-NPL,NPL,Riverine flood,3387.0,2007-0307
2008,2008-0271-NPL,NPL,Riverine flood,39.0,2008-0271
2009,2009-0434-NPL,NPL,Riverine flood,81847.0,2009-0434
2012,2012-0186-NPL,NPL,Riverine flood,1275.0,2012-0186
2017,2017-0342-NPL,NPL,Flood (General),710386.0,2017-0342
2019,2019-0332-NPL,NPL,Flood (General),233522.0,2019-0332
2020,2020-0297-NPL,NPL,Flood (General),113077.0,2020-0297
1998,1998-0211-NZL,NZL,Riverine flood,134650.0,1998-0211
2000,2000-0558-NZL,NZL,Flood (General),1700.0,2000-0558
2002,2002-0036-NZL,NZL,Riverine flood,813.0,2002-0036
2015,2015-0256-NZL,NZL,Riverine flood,211141.0,2015-0256
2015,2015-0206-NZL,NZL,Flood (General),123474.0,2015-0206
2017,2017-0222-NZL,NZL,Flood (General),84769.0,2017-0222
2018,2018-0485-NZL,NZL,Flood (General),29137.0,2018-0485
2020,2020-0543-NZL,NZL,Flood (General),80284.0,2020-0543
2020,2020-0043-NZL,NZL,Flood (General),32792.0,2020-0043
2021,2021-0499-NZL,NZL,Flood (General),151204.0,2021-0499
2021,2021-0611-NZL,NZL,Flood (General),61562.0,2021-0611
2021,2021-0298-NZL,NZL,Flood (General),54001.0,2021-0298
2023,2023-0046-NZL,NZL,Flood (General),,2023-0046
1992,1992-0062-PAK,PAK,Riverine flood,2085674.0,1992-0062
1992,1992-0060-PAK,PAK,Flood (General),480.0,1992-0060
1994,1994-0075-PAK,PAK,Riverine flood,181644.0,1994-0075
2002,2002-0543-PAK,PAK,Riverine flood,49.0,2002-0543
2005,2005-0079-PAK,PAK,Riverine flood,44957.0,2005-0079
2008,2008-0350-PAK,PAK,Riverine flood,140005.0,2008-0350
2011,2011-0347-PAK,PAK,Riverine flood,3252600.0,2011-0347
2012,2012-0363-PAK,PAK,Riverine flood,3186657.0,2012-0363
2013,2013-0276-PAK,PAK,Riverine flood,1884391.0,2013-0276
2014,2014-0343-PAK,PAK,Riverine flood,2472413.0,2014-0343
2016,2016-0553-PAK,PAK,Riverine flood,2439.0,2016-0553
2020,2020-0357-PAK,PAK,Flood (General),1696149.0,2020-0357
2021,2021-0846-PAK,PAK,Flood (General),10800.0,2021-0846
1995,1995-0482-PAN,PAN,Riverine flood,13444.0,1995-0482
2000,2000-0627-PAN,PAN,Flood (General),2209.0,2000-0627
2002,2002-0264-PAN,PAN,Riverine flood,813.0,2002-0264
2005,2005-0021-PAN,PAN,Riverine flood,10490.0,2005-0021
2008,2008-0551-PAN,PAN,Riverine flood,13593.0,2008-0551
2012,2012-0480-PAN,PAN,Riverine flood,2549.0,2012-0480
1994,1994-0017-PER,PER,Flood (General),98720.0,1994-0017
2016,2016-0054-PER,PER,Flood (General),2439.0,2016-0054
2017,2017-0084-PER,PER,Flood (General),3701172.0,2017-0084
2017,2017-0036-PER,PER,Flood (General),119393.0,2017-0036
2021,2021-0098-PER,PER,Riverine flood,27001.0,2021-0098
2023,2023-0221-PER,PER,Flood (General),,2023-0221
1992,1992-0057-PHL,PHL,Flood (General),154757.0,1992-0057
1993,1993-0113-PHL,PHL,Riverine flood,74957.0,1993-0113
1993,1993-0054-PHL,PHL,Flood (General),5267.0,1993-0054
1994,1994-0168-PHL,PHL,Flood (General),3258.0,1994-0168
1994,1994-0778-PHL,PHL,Riverine flood,3159.0,1994-0778
1994,1994-0782-PHL,PHL,Riverine flood,1688.0,1994-0782
1995,1995-0304-PHL,PHL,Riverine flood,960.0,1995-0304
1995,1995-0290-PHL,PHL,Flood (General),273.0,1995-0290
1997,1997-0567-PHL,PHL,Riverine flood,139.0,1997-0567
2002,2002-0176-PHL,PHL,Riverine flood,2359.0,2002-0176
2002,2002-0005-PHL,PHL,Riverine flood,638.0,2002-0005
2005,2005-0669-PHL,PHL,Riverine flood,772.0,2005-0669
2006,2006-0702-PHL,PHL,Riverine flood,4929.0,2006-0702
2006,2006-0605-PHL,PHL,Riverine flood,1108.0,2006-0605
2006,2006-0563-PHL,PHL,Riverine flood,579.0,2006-0563
2007,2007-0022-PHL,PHL,Riverine flood,5759.0,2007-0022
2008,2008-0077-PHL,PHL,Riverine flood,41775.0,2008-0077
2008,2008-0622-PHL,PHL,Riverine flood,5623.0,2008-0622
2008,2008-0611-PHL,PHL,Riverine flood,606.0,2008-0611
2008,2008-0620-PHL,PHL,Riverine flood,235.0,2008-0620
2009,2009-0023-PHL,PHL,Riverine flood,8668.0,2009-0023
2011,2011-0021-PHL,PHL,Riverine flood,16147.0,2011-0021
2011,2011-0204-PHL,PHL,Riverine flood,13877.0,2011-0204
2011,2011-0087-PHL,PHL,Riverine flood,364.0,2011-0087
2011,2011-0468-PHL,PHL,Riverine flood,238.0,2011-0468
2012,2012-0272-PHL,PHL,Riverine flood,92196.0,2012-0272
2012,2012-0396-PHL,PHL,Riverine flood,2549.0,2012-0396
2012,2012-0602-PHL,PHL,Riverine flood,1275.0,2012-0602
2013,2013-0274-PHL,PHL,Riverine flood,2751211.0,2013-0274
2013,2013-0340-PHL,PHL,Riverine flood,45225.0,2013-0340
2013,2013-0418-PHL,PHL,Riverine flood,5025.0,2013-0418
2013,2013-0434-PHL,PHL,Riverine flood,2497.0,2013-0434
2014,2014-0250-PHL,PHL,Riverine flood,978.0,2014-0250
2015,2015-0359-PHL,PHL,Flood (General),141.0,2015-0359
2015,2015-0283-PHL,PHL,Flood (General),106.0,2015-0283
2016,2016-0377-PHL,PHL,Flood (General),11364.0,2016-0377
2017,2017-0028-PHL,PHL,Flood (General),9671.0,2017-0028
2022,2022-0832-PHL,PHL,Flood (General),11000.0,2022-0832
2023,2023-0002-PHL,PHL,Flood (General),,2023-0002
2023,2023-0094-PHL,PHL,Flood (General),,2023-0094
2023,2023-0102-PHL,PHL,Flood (General),,2023-0102
2023,2023-0802-PHL,PHL,Flood (General),,2023-0802
1993,1993-0038-PNG,PNG,Flood (General),5065.0,1993-0038
1999,1999-0126-PNG,PNG,Riverine flood,75947.0,1999-0126
2012,2012-0349-PNG,PNG,Riverine flood,34416.0,2012-0349
1997,1997-0143-POL,POL,Riverine flood,6381219.0,1997-0143
2009,2009-0228-POL,POL,Riverine flood,136412.0,2009-0228
2010,2010-0193-POL,POL,Riverine flood,4133704.0,2010-0193
1992,1992-0006-PRI,PRI,Riverine flood,417135.0,1992-0006
2001,2001-0307-PRI,PRI,Riverine flood,241308.0,2001-0307
2022,2022-0091-PRI,PRI,Flood (General),17000.0,2022-0091
1995,1995-0182-PRK,PRK,Riverine flood,28807763.0,1995-0182
1996,1996-0105-PRK,PRK,Flood (General),4104818.0,1996-0105
2004,2004-0381-PRK,PRK,Riverine flood,30988.0,2004-0381
2007,2007-0352-PRK,PRK,Riverine flood,423437.0,2007-0352
2012,2012-0258-PRK,PRK,Riverine flood,14531.0,2012-0258
2016,2016-0321-PRK,PRK,Riverine flood,74381.0,2016-0321
2018,2018-0329-PRK,PRK,Flood (General),29137.0,2018-0329
2010,2010-0068-PRT,PRT,Riverine flood,1811851.0,2010-0068
1997,1997-0299-PRY,PRY,Flood (General),3076.0,1997-0299
1998,1998-0080-PRY,PRY,Flood (General),8977.0,1998-0080
2009,2009-0450-PRY,PRY,Riverine flood,1119.0,2009-0450
2012,2012-0089-PRY,PRY,Riverine flood,5099.0,2012-0089
2017,2017-0049-PYF,PYF,Flood (General),2388.0,2017-0049
1991,1991-0172-ROU,ROU,Riverine flood,107442.0,1991-0172
1994,1994-0180-ROU,ROU,Riverine flood,5923.0,1994-0180
1995,1995-0475-ROU,ROU,Riverine flood,6530.0,1995-0475
1997,1997-0166-ROU,ROU,Riverine flood,200553.0,1997-0166
1998,1998-0193-ROU,ROU,Riverine flood,269300.0,1998-0193
1999,1999-0231-ROU,ROU,Riverine flood,87845.0,1999-0231
1999,1999-0230-ROU,ROU,Riverine flood,17569.0,1999-0230
2000,2000-0187-ROU,ROU,Riverine flood,169951.0,2000-0187
2000,2000-0167-ROU,ROU,Riverine flood,850.0,2000-0167
2001,2001-0288-ROU,ROU,Riverine flood,198335.0,2001-0288
2001,2001-0079-ROU,ROU,Riverine flood,24792.0,2001-0079
2002,2002-0471-ROU,ROU,Riverine flood,472.0,2002-0471
2005,2005-0365-ROU,ROU,Riverine flood,1198842.0,2005-0365
2005,2005-0473-ROU,ROU,Riverine flood,469047.0,2005-0473
2005,2005-0214-ROU,ROU,Riverine flood,299711.0,2005-0214
2010,2010-0251-ROU,ROU,Riverine flood,1491661.0,2010-0251
2013,2013-0347-ROU,ROU,Riverine flood,13819.0,2013-0347
2020,2020-0286-ROU,ROU,Flood (General),96115.0,2020-0286
1992,1992-0282-RUS,RUS,Riverine flood,100321.0,1992-0282
1993,1993-0039-RUS,RUS,Riverine flood,68880.0,1993-0039
1994,1994-0218-RUS,RUS,Riverine flood,517292.0,1994-0218
1994,1994-0775-RUS,RUS,Riverine flood,37514.0,1994-0775
1996,1996-0359-RUS,RUS,Riverine flood,295547.0,1996-0359
1997,1997-0564-RUS,RUS,Riverine flood,317420.0,1997-0564
1998,1998-0608-RUS,RUS,Riverine flood,23339.0,1998-0608
1998,1998-0179-RUS,RUS,Riverine flood,6284.0,1998-0179
2000,2000-0478-RUS,RUS,Riverine flood,50985.0,2000-0478
2000,2000-0179-RUS,RUS,Flood (General),8961.0,2000-0179
2001,2001-0227-RUS,RUS,Riverine flood,398324.0,2001-0227
2001,2001-0420-RUS,RUS,Riverine flood,28098.0,2001-0420
2002,2002-0024-RUS,RUS,Riverine flood,105706.0,2002-0024
2002,2002-0482-RUS,RUS,Riverine flood,52064.0,2002-0482
2004,2004-0172-RUS,RUS,Riverine flood,77470.0,2004-0172
2004,2004-0454-RUS,RUS,Riverine flood,7688.0,2004-0454
2004,2004-0164-RUS,RUS,Riverine flood,2784.0,2004-0164
2005,2005-0276-RUS,RUS,Riverine flood,31721.0,2005-0276
2005,2005-0285-RUS,RUS,Riverine flood,3746.0,2005-0285
2006,2006-0306-RUS,RUS,Riverine flood,181465.0,2006-0306
2006,2006-0225-RUS,RUS,Riverine flood,10759.0,2006-0225
2007,2007-0180-RUS,RUS,Riverine flood,36348.0,2007-0180
2010,2010-0547-RUS,RUS,Riverine flood,88579.0,2010-0547
2011,2011-0200-RUS,RUS,Riverine flood,27341.0,2011-0200
2012,2012-0111-RUS,RUS,Riverine flood,21669.0,2012-0111
2013,2013-0278-RUS,RUS,Riverine flood,1256261.0,2013-0278
2014,2014-0193-RUS,RUS,Riverine flood,9890.0,2014-0193
2016,2016-0227-RUS,RUS,Flood (General),12194.0,2016-0227
2016,2016-0128-RUS,RUS,Flood (General),2439.0,2016-0128
2018,2018-0407-RUS,RUS,Flood (General),11655.0,2018-0407
2019,2019-0294-RUS,RUS,Flood (General),526569.0,2019-0294
2019,2019-0432-RUS,RUS,Flood (General),20605.0,2019-0432
2019,2019-0468-RUS,RUS,Flood (General),9158.0,2019-0468
2021,2021-0483-RUS,RUS,Flood (General),216006.0,2021-0483
2007,2007-0059-RWA,RWA,Riverine flood,13.0,2007-0059
2018,2018-0135-RWA,RWA,Flood (General),12820.0,2018-0135
2018,2018-0477-RWA,RWA,Flood (General),12820.0,2018-0477
2009,2009-0522-SAU,SAU,Riverine flood,1227711.0,2009-0522
2011,2011-0022-SAU,SAU,Riverine flood,390312.0,2011-0022
2015,2015-0130-SAU,SAU,Riverine flood,2469.0,2015-0130
1993,1993-0143-SDN,SDN,Riverine flood,405.0,1993-0143
1998,1998-0251-SDN,SDN,Riverine flood,71813.0,1998-0251
2001,2001-0417-SDN,SDN,Riverine flood,3306.0,2001-0417
2003,2003-0368-SDN,SDN,Riverine flood,292721.0,2003-0368
2007,2007-0261-SDN,SDN,Riverine flood,423437.0,2007-0261
2013,2013-0280-SDN,SDN,Riverine flood,8794.0,2013-0280
2020,2020-0305-SDN,SDN,Flood (General),282691.0,2020-0305
2002,2002-0026-SEN,SEN,Riverine flood,66672.0,2002-0026
2012,2012-0318-SEN,SEN,Riverine flood,12747.0,2012-0318
2020,2020-0397-SEN,SEN,Flood (General),20354.0,2020-0397
2013,2013-0420-SLB,SLB,Riverine flood,2513.0,2013-0420
1999,1999-0349-SLV,SLV,Riverine flood,2635.0,1999-0349
2011,2011-0386-SLV,SLV,Riverine flood,1301040.0,2011-0386
2018,2018-0133-SOM,SOM,Riverine flood,93237.0,2018-0133
2002,2002-0171-SPI,SPI,Riverine flood,130034.0,2002-0171
2014,2014-0164-SRB,SRB,Riverine flood,2532075.0,2014-0164
2020,2020-0285-SRB,SRB,Flood (General),31661.0,2020-0285
1990,1990-0354-SUN,SUN,Riverine flood,265646.0,1990-0354
1990,1990-0379-SUN,SUN,Riverine flood,132823.0,1990-0379
1991,1991-0161-SUN,SUN,Flood (General),4297691.0,1991-0161
1991,1991-0522-SUN,SUN,Riverine flood,47275.0,1991-0522
2022,2022-0315-SUR,SUR,Flood (General),21000.0,2022-0315
1997,1997-0154-SVK,SVK,Riverine flood,109392.0,1997-0154
1998,1998-0224-SVK,SVK,Riverine flood,80790.0,1998-0224
1999,1999-0233-SVK,SVK,Riverine flood,199056.0,1999-0233
2002,2002-0513-SVK,SVK,Riverine flood,4881.0,2002-0513
2010,2010-0193-SVK,SVK,Riverine flood,33553.0,2010-0193
2005,2005-0473-SVN,SVN,Riverine flood,7493.0,2005-0473
2012,2012-0551-SVN,SVN,Riverine flood,337786.0,2012-0551
2000,2000-0096-SWZ,SWZ,Riverine flood,85.0,2000-0096
1997,1997-0207-SYC,SYC,Flood (General),3099.0,1997-0207
2012,2012-0347-TCD,TCD,Riverine flood,12747.0,2012-0347
1991,1991-0709-THA,THA,Flood (General),3176.0,1991-0709
1993,1993-0484-THA,THA,Flood (General),810553.0,1993-0484
1993,1993-0483-THA,THA,Flood (General),647977.0,1993-0483
1994,1994-0650-THA,THA,Flood (General),469906.0,1994-0650
1994,1994-0657-THA,THA,Flood (General),59232.0,1994-0657
1995,1995-0198-THA,THA,Riverine flood,269833.0,1995-0198
1996,1996-0241-THA,THA,Riverine flood,933.0,1996-0241
2000,2000-0755-THA,THA,Riverine flood,97722.0,2000-0755
2000,2000-0446-THA,THA,Flood (General),86760.0,2000-0446
2000,2000-0777-THA,THA,Riverine flood,860.0,2000-0777
2003,2003-0561-THA,THA,Riverine flood,39772.0,2003-0561
2004,2004-0635-THA,THA,Riverine flood,271144.0,2004-0635
2005,2005-0435-THA,THA,Riverine flood,181325.0,2005-0435
2006,2006-0530-THA,THA,Riverine flood,14430.0,2006-0530
2007,2007-0530-THA,THA,Riverine flood,2117.0,2007-0530
2008,2008-0430-THA,THA,Riverine flood,21748.0,2008-0430
2010,2010-0552-THA,THA,Riverine flood,445581.0,2010-0552
2011,2011-0326-THA,THA,Riverine flood,52041595.0,2011-0326
2013,2013-0431-THA,THA,Riverine flood,605518.0,2013-0431
2013,2013-0263-THA,THA,Riverine flood,121857.0,2013-0263
2014,2014-0345-THA,THA,Riverine flood,12362.0,2014-0345
2016,2016-0360-THA,THA,Flood (General),146323.0,2016-0360
2016,2016-0472-THA,THA,Flood (General),30484.0,2016-0472
2017,2017-0006-THA,THA,Riverine flood,1193926.0,2017-0006
2017,2017-0316-THA,THA,Flood (General),366535.0,2017-0316
2017,2017-0465-THA,THA,Flood (General),1671.0,2017-0465
2021,2021-0612-THA,THA,Flood (General),638297.0,2021-0612
2022,2022-0199-THA,THA,Flood (General),13000.0,2022-0199
1992,1992-0233-TJK,TJK,Flood (General),625702.0,1992-0233
1998,1998-0111-TJK,TJK,Riverine flood,118492.0,1998-0111
2003,2003-0273-TJK,TJK,Riverine flood,31818.0,2003-0273
2004,2004-0342-TJK,TJK,Riverine flood,18593.0,2004-0342
2009,2009-0176-TJK,TJK,Riverine flood,1364.0,2009-0176
2010,2010-0175-TJK,TJK,Riverine flood,273791.0,2010-0175
2012,2012-0112-TJK,TJK,Riverine flood,969.0,2012-0112
2021,2021-0272-TJK,TJK,Flood (General),9720.0,2021-0272
1993,1993-0485-TKM,TKM,Riverine flood,202324.0,1993-0485
2020,2020-0131-TLS,TLS,Riverine flood,22615.0,2020-0131
2018,2018-0395-TTO,TTO,Flood (General),4312.0,2018-0395
1990,1990-0002-TUN,TUN,Riverine flood,543835.0,1990-0002
1990,1990-0023-TUR,TUR,Riverine flood,335977.0,1990-0023
1995,1995-0273-TUR,TUR,Flood (General),96026.0,1995-0273
1995,1995-0072-TUR,TUR,Riverine flood,45132.0,1995-0072
2000,2000-0281-TUR,TUR,Riverine flood,67980.0,2000-0281
2001,2001-0665-TUR,TUR,Riverine flood,41320.0,2001-0665
2020,2020-0597-TUR,TUR,Flood (General),282691.0,2020-0597
2021,2021-0501-TUR,TUR,Flood (General),313208.0,2021-0501
2021,2021-0494-TUR,TUR,Flood (General),24841.0,2021-0494
2023,2023-0141-TUR,TUR,Flood (General),,2023-0141
1997,1997-0146-TWN,TWN,Flood (General),106293.0,1997-0146
1998,1998-0607-TWN,TWN,Riverine flood,34111.0,1998-0607
2006,2006-0299-TWN,TWN,Riverine flood,168588.0,2006-0299
2012,2012-0178-TWN,TWN,Riverine flood,21542.0,2012-0178
2017,2017-0169-TWN,TWN,Riverine flood,33549.0,2017-0169
1990,1990-0016-TZA,TZA,Riverine flood,627.0,1990-0016
1993,1993-0005-TZA,TZA,Flood (General),7111.0,1993-0005
1997,1997-0301-UGA,UGA,Riverine flood,1823.0,1997-0301
2007,2007-0408-UGA,UGA,Riverine flood,100.0,2007-0408
2013,2013-0197-UGA,UGA,Riverine flood,3894.0,2013-0197
2016,2016-0130-UGA,UGA,Riverine flood,3292.0,2016-0130
1993,1993-0230-UKR,UKR,Riverine flood,322114.0,1993-0230
1993,1993-0058-UKR,UKR,Riverine flood,162070.0,1993-0058
1997,1997-0154-UKR,UKR,Riverine flood,30994.0,1997-0154
1998,1998-0359-UKR,UKR,Riverine flood,2260.0,1998-0359
2001,2001-0096-UKR,UKR,Riverine flood,24792.0,2001-0096
2006,2006-0333-UKR,UKR,Riverine flood,34631.0,2006-0333
2008,2008-0306-UKR,UKR,Riverine flood,1359273.0,2008-0306
2010,2010-0275-UKR,UKR,Riverine flood,2550.0,2010-0275
2013,2013-0410-UKR,UKR,Riverine flood,26381.0,2013-0410
2020,2020-0283-UKR,UKR,Flood (General),173981.0,2020-0283
1998,1998-0040-URY,URY,Flood (General),8977.0,1998-0040
2007,2007-0183-URY,URY,Riverine flood,63516.0,2007-0183
2016,2016-0115-URY,URY,Flood (General),3658.0,2016-0115
1990,1990-0707-USA,USA,Riverine flood,100793.0,1990-0707
1991,1991-0776-USA,USA,Flood (General),1826519.0,1991-0776
1993,1993-0043-USA,USA,Riverine flood,24310527.0,1993-0043
1993,1993-0123-USA,USA,Flood (General),384917.0,1993-0123
1993,1993-0420-USA,USA,Riverine flood,202588.0,1993-0420
1994,1994-0361-USA,USA,Riverine flood,1382077.0,1994-0361
1995,1995-0045-USA,USA,Riverine flood,5761553.0,1995-0045
1995,1995-0481-USA,USA,Riverine flood,192052.0,1995-0481
1995,1995-0483-USA,USA,Riverine flood,19205.0,1995-0483
1995,1995-0488-USA,USA,Riverine flood,19205.0,1995-0488
1996,1996-0295-USA,USA,Riverine flood,2798739.0,1996-0295
1996,1996-0015-USA,USA,Riverine flood,1306078.0,1996-0015
1996,1996-0031-USA,USA,Riverine flood,932913.0,1996-0031
1996,1996-0494-USA,USA,Riverine flood,37317.0,1996-0494
1997,1997-0083-USA,USA,Flood (General),9116027.0,1997-0083
1997,1997-0008-USA,USA,Riverine flood,2734808.0,1997-0008
1997,1997-0040-USA,USA,Riverine flood,911603.0,1997-0040
1997,1997-0318-USA,USA,Riverine flood,446685.0,1997-0318
1997,1997-0347-USA,USA,Riverine flood,182321.0,1997-0347
1998,1998-0066-USA,USA,Riverine flood,484741.0,1998-0066
1998,1998-0606-USA,USA,Riverine flood,359965.0,1998-0606
1998,1998-0256-USA,USA,Riverine flood,107720.0,1998-0256
1999,1999-0740-USA,USA,Flood (General),527.0,1999-0740
2000,2000-0500-USA,USA,Riverine flood,282118.0,2000-0500
2000,2000-0297-USA,USA,Flood (General),169951.0,2000-0297
2000,2000-0865-USA,USA,Riverine flood,33990.0,2000-0865
2001,2001-0460-USA,USA,Riverine flood,33056.0,2001-0460
2001,2001-0268-USA,USA,Riverine flood,21486.0,2001-0268
2002,2002-0411-USA,USA,Riverine flood,1626990.0,2002-0411
2002,2002-0266-USA,USA,Riverine flood,21151.0,2002-0266
2003,2003-0334-USA,USA,Riverine flood,168633.0,2003-0334
2003,2003-0756-USA,USA,Riverine flood,27045.0,2003-0756
2004,2004-0675-USA,USA,Riverine flood,774697.0,2004-0675
2004,2004-0146-USA,USA,Riverine flood,6972.0,2004-0146
2004,2004-0572-USA,USA,Riverine flood,1549.0,2004-0572
2005,2005-0103-USA,USA,Riverine flood,374638.0,2005-0103
2005,2005-0716-USA,USA,Riverine flood,367145.0,2005-0716
2005,2005-0015-USA,USA,Riverine flood,299711.0,2005-0015
2005,2005-0203-USA,USA,Riverine flood,44957.0,2005-0203
2006,2006-0341-USA,USA,Riverine flood,1451721.0,2006-0341
2006,2006-0180-USA,USA,Riverine flood,375996.0,2006-0180
2006,2006-0413-USA,USA,Riverine flood,145172.0,2006-0413
2006,2006-0260-USA,USA,Riverine flood,123396.0,2006-0260
2006,2006-0461-USA,USA,Riverine flood,22502.0,2006-0461
2006,2006-0182-USA,USA,Riverine flood,17421.0,2006-0182
2006,2006-0344-USA,USA,Riverine flood,10162.0,2006-0344
2007,2007-0383-USA,USA,Riverine flood,988020.0,2007-0383
2007,2007-0254-USA,USA,Riverine flood,39521.0,2007-0254
2008,2008-0627-USA,USA,Riverine flood,13592729.0,2008-0627
2008,2008-0131-USA,USA,Riverine flood,2719.0,2008-0131
2009,2009-0405-USA,USA,Riverine flood,682061.0,2009-0405
2009,2009-0106-USA,USA,Riverine flood,226444.0,2009-0106
2011,2011-0610-USA,USA,Riverine flood,5984783.0,2011-0610
2011,2011-0646-USA,USA,Riverine flood,2602080.0,2011-0646
2012,2012-0177-USA,USA,Riverine flood,221791.0,2012-0177
2013,2013-0354-USA,USA,Riverine flood,2386895.0,2013-0354
2013,2013-0291-USA,USA,Riverine flood,408285.0,2013-0291
2013,2013-0254-USA,USA,Riverine flood,31407.0,2013-0254
2013,2013-0277-USA,USA,Riverine flood,31407.0,2013-0277
2013,2013-0286-USA,USA,Riverine flood,2513.0,2013-0286
2014,2014-0317-USA,USA,Riverine flood,1977931.0,2014-0317
2015,2015-0565-USA,USA,Flood (General),740845.0,2015-0565
2015,2015-0399-USA,USA,Flood (General),123474.0,2015-0399
2016,2016-0292-USA,USA,Flood (General),12193586.0,2016-0292
2016,2016-0552-USA,USA,Flood (General),2804525.0,2016-0552
2016,2016-0331-USA,USA,Riverine flood,670647.0,2016-0331
2016,2016-0183-USA,USA,Flood (General),365808.0,2016-0183
2017,2017-0136-USA,USA,Flood (General),2029675.0,2017-0136
2018,2018-0419-USA,USA,Riverine flood,466184.0,2018-0419
2018,2018-0130-USA,USA,Flood (General),145683.0,2018-0130
2019,2019-0116-USA,USA,Riverine flood,11447148.0,2019-0116
2020,2020-0212-USA,USA,Flood (General),2374608.0,2020-0212
2020,2020-0089-USA,USA,Riverine flood,197884.0,2020-0089
2021,2021-0193-USA,USA,Flood (General),1404036.0,2021-0193
2021,2021-0566-USA,USA,Flood (General),243006.0,2021-0566
2021,2021-0741-USA,USA,Flood (General),216006.0,2021-0741
2021,2021-0117-USA,USA,Riverine flood,162004.0,2021-0117
2021,2021-0784-USA,USA,Flood (General),81002.0,2021-0784
2021,2021-0150-USA,USA,Flood (General),54001.0,2021-0150
2021,2021-0442-USA,USA,Flood (General),54001.0,2021-0442
2022,2022-0480-USA,USA,Flood (General),1500000.0,2022-0480
2023,2023-0426-USA,USA,Flood (General),,2023-0426
2013,2013-0531-VCT,VCT,Riverine flood,135676.0,2013-0531
2016,2016-0494-VCT,VCT,Flood (General),7926.0,2016-0494
2002,2002-0445-VEN,VEN,Riverine flood,4881.0,2002-0445
2005,2005-0073-VEN,VEN,Riverine flood,74928.0,2005-0073
2005,2005-0021-VEN,VEN,Riverine flood,1499.0,2005-0021
2010,2010-0616-VEN,VEN,Riverine flood,228159.0,2010-0616
2011,2011-0635-VEN,VEN,Riverine flood,20817.0,2011-0635
2012,2012-0241-VEN,VEN,Riverine flood,118544.0,2012-0241
2020,2020-0498-VEN,VEN,Flood (General),33923.0,2020-0498
1990,1990-0048-VNM,VNM,Riverine flood,1624.0,1990-0048
1991,1991-0538-VNM,VNM,Riverine flood,82731.0,1991-0538
1991,1991-0229-VNM,VNM,Riverine flood,10744.0,1991-0229
1991,1991-0315-VNM,VNM,Riverine flood,6876.0,1991-0315
1992,1992-0144-VNM,VNM,Riverine flood,99487.0,1992-0144
1994,1994-0341-VNM,VNM,Riverine flood,406726.0,1994-0341
1995,1995-0236-VNM,VNM,Riverine flood,165165.0,1995-0236
1996,1996-0248-VNM,VNM,Riverine flood,257484.0,1996-0248
1996,1996-0447-VNM,VNM,Flood (General),25002.0,1996-0447
1998,1998-0316-VNM,VNM,Riverine flood,24596.0,1998-0316
1999,1999-0574-VNM,VNM,Riverine flood,93115.0,1999-0574
2000,2000-0408-VNM,VNM,Riverine flood,424876.0,2000-0408
2000,2000-0748-VNM,VNM,Riverine flood,25493.0,2000-0748
2001,2001-0492-VNM,VNM,Riverine flood,138835.0,2001-0492
2002,2002-0610-VNM,VNM,Riverine flood,94365.0,2002-0610
2002,2002-0580-VNM,VNM,Riverine flood,38885.0,2002-0580
2002,2002-0470-VNM,VNM,Riverine flood,3579.0,2002-0470
2003,2003-0672-VNM,VNM,Riverine flood,60453.0,2003-0672
2003,2003-0557-VNM,VNM,Riverine flood,55681.0,2003-0557
2005,2005-0694-VNM,VNM,Riverine flood,40461.0,2005-0694
2005,2005-0584-VNM,VNM,Riverine flood,22478.0,2005-0584
2006,2006-0446-VNM,VNM,Riverine flood,11614.0,2006-0446
2007,2007-0522-VNM,VNM,Riverine flood,423437.0,2007-0522
2007,2007-0512-VNM,VNM,Riverine flood,14115.0,2007-0512
2008,2008-0501-VNM,VNM,Riverine flood,651092.0,2008-0501
2010,2010-0597-VNM,VNM,Riverine flood,343581.0,2010-0597
2010,2010-0539-VNM,VNM,Riverine flood,206685.0,2010-0539
2010,2010-0573-VNM,VNM,Riverine flood,144545.0,2010-0573
2011,2011-0394-VNM,VNM,Riverine flood,227685.0,2011-0394
2011,2011-0359-VNM,VNM,Riverine flood,57246.0,2011-0359
2012,2012-0351-VNM,VNM,Riverine flood,38240.0,2012-0351
2013,2013-0443-VNM,VNM,Riverine flood,90451.0,2013-0443
2013,2013-0266-VNM,VNM,Riverine flood,8166.0,2013-0266
2016,2016-0400-VNM,VNM,Riverine flood,127155.0,2016-0400
2016,2016-0497-VNM,VNM,Flood (General),42678.0,2016-0497
2016,2016-0517-VNM,VNM,Flood (General),26826.0,2016-0517
2017,2017-0270-VNM,VNM,Flood (General),1552.0,2017-0270
2017,2017-0259-VNM,VNM,Flood (General),424.0,2017-0259
2019,2019-0419-VNM,VNM,Flood (General),14881.0,2019-0419
2022,2022-0795-VNM,VNM,Flood (General),1500.0,2022-0795
1993,1993-0022-YEM,YEM,Riverine flood,3039.0,1993-0022
1996,1996-0134-YEM,YEM,Riverine flood,2238991.0,1996-0134
1996,1996-0498-YEM,YEM,Riverine flood,18658.0,1996-0498
1990,1990-0415-YUG,YUG,Riverine flood,1715948.0,1990-0415
1996,1996-0027-ZAF,ZAF,Riverine flood,12800.0,1996-0027
1999,1999-0593-ZAF,ZAF,Riverine flood,11068.0,1999-0593
2000,2000-0043-ZAF,ZAF,Riverine flood,271921.0,2000-0043
2006,2006-0431-ZAF,ZAF,Riverine flood,210500.0,2006-0431
2006,2006-0181-ZAF,ZAF,Riverine flood,103072.0,2006-0181
2008,2008-0245-ZAF,ZAF,Riverine flood,1718.0,2008-0245
2011,2011-0100-ZAF,ZAF,Riverine flood,274519.0,2011-0100
2012,2012-0469-ZAF,ZAF,Riverine flood,254933.0,2012-0469
2014,2014-0099-ZAF,ZAF,Riverine flood,105078.0,2014-0099
2016,2016-0305-ZAF,ZAF,Flood (General),219485.0,2016-0305
2019,2019-0176-ZAF,ZAF,Flood (General),57236.0,2019-0176
2021,2021-0075-ZAF,ZAF,Flood (General),81002.0,2021-0075
2022,2022-0205-ZAF,ZAF,Flood (General),3500000.0,2022-0205
2022,2022-0035-ZAF,ZAF,Flood (General),105000.0,2022-0035
2022,2022-0009-ZAF,ZAF,Flood (General),70000.0,2022-0009
1998,1998-0053-ZMB,ZMB,Flood (General),37163.0,1998-0053
2000,2000-0083-ZWE,ZWE,Riverine flood,123894.0,2000-0083
2001,2001-0082-ZWE,ZWE,Flood (General),5950.0,2001-0082
2003,2003-0742-ZWE,ZWE,Riverine flood,318175.0,2003-0742
