region,country,year,rp,impact
NA1,AIA,2017,44.0,238785000.0
NA1,AIA,1999,22.0,88000.0
NA1,ATG,1995,44.0,672181000.0
NA1,ATG,2017,22.0,298482000.0
NA1,ATG,1989,14.666666666666666,188860000.0
NA1,ATG,1998,11.0,179534000.0
NA1,ATG,2010,8.8,16911000.0
NA1,BHS,2019,44.0,3892030000.0
NA1,BHS,2004,22.0,2401562000.0
NA1,BHS,1999,14.666666666666666,790603000.0
NA1,BHS,2016,11.0,731615000.0
NA1,BHS,1992,8.8,521419000.0
NA1,BHS,2001,7.333333333333333,495838000.0
NA1,BHS,2015,6.285714285714286,111127000.0
NA1,BHS,2011,5.5,52042000.0
NA1,BHS,2017,4.888888888888889,2388000.0
NA1,BHS,1995,4.4,768000.0
NA1,BLZ,2000,44.0,471545000.0
NA1,BLZ,2001,22.0,413199000.0
NA1,BLZ,2022,14.666666666666666,100000000.0
NA1,BLZ,2007,11.0,20956000.0
NA1,BLZ,1998,8.8,90000.0
NA1,BMU,2003,44.0,477263000.0
NA1,BMU,1987,22.0,128781000.0
NA1,BRB,1987,44.0,257562000.0
NA1,BRB,2004,22.0,7747000.0
NA1,BRB,1980,14.666666666666666,5327000.0
NA1,BRB,2002,11.0,325000.0
NA1,COL,2020,44.0,141346000.0
NA1,COL,1988,22.0,123735000.0
NA1,COL,1999,14.666666666666666,878000.0
NA1,CPV,1982,44.0,9098000.0
NA1,CPV,2015,22.0,1358000.0
NA1,CRI,1996,44.0,373165000.0
NA1,CRI,2017,22.0,220876000.0
NA1,CRI,1998,14.666666666666666,163537000.0
NA1,CRI,1988,11.0,148482000.0
NA1,CRI,2005,8.8,29971000.0
NA1,CRI,1995,7.333333333333333,12099000.0
NA1,CUB,2008,44.0,4855322000.0
NA1,CUB,1998,22.0,3590673000.0
NA1,CUB,2016,14.666666666666666,3170332000.0
NA1,CUB,2005,11.0,3146961000.0
NA1,CUB,2004,8.8,1859274000.0
NA1,CUB,2007,7.333333333333333,705728000.0
NA1,CUB,2017,6.285714285714286,644720000.0
NA1,CUB,1982,5.5,257779000.0
NA1,CUB,1994,4.888888888888889,201325000.0
NA1,CUB,2001,4.4,165279000.0
NA1,CUB,2021,4.0,108003000.0
NA1,CUB,2002,3.6666666666666665,74842000.0
NA1,CUB,2022,3.3846153846153846,25000000.0
NA1,CUB,1996,3.142857142857143,24256000.0
NA1,CUB,1995,2.933333333333333,3841000.0
NA1,CYM,2004,44.0,5322295000.0
NA1,CYM,2001,22.0,99168000.0
NA1,CYM,2002,14.666666666666666,2440000.0
NA1,DMA,2017,44.0,1738357000.0
NA1,DMA,2015,22.0,596146000.0
NA1,DMA,1995,14.666666666666666,374501000.0
NA1,DMA,1989,11.0,47215000.0
NA1,DMA,2007,8.8,28229000.0
NA1,DMA,1984,7.333333333333333,5634000.0
NA1,DOM,1998,44.0,3557459000.0
NA1,DOM,2004,22.0,460170000.0
NA1,DOM,2007,14.666666666666666,229644000.0
NA1,DOM,2020,11.0,186576000.0
NA1,DOM,1980,8.8,166910000.0
NA1,DOM,2017,7.333333333333333,75217000.0
NA1,DOM,1987,6.285714285714286,61042000.0
NA1,DOM,2011,5.5,39031000.0
NA1,DOM,2012,4.888888888888889,38240000.0
NA1,DOM,2001,4.4,17000.0
NA1,GLP,2007,44.0,423437000.0
NA1,GLP,2017,22.0,143271000.0
NA1,GLP,1989,14.666666666666666,118038000.0
NA1,GLP,1995,11.0,96026000.0
NA1,GLP,1998,8.8,8977000.0
NA1,GRD,2004,44.0,1377412000.0
NA1,GRD,1980,22.0,18822000.0
NA1,GRD,1999,14.666666666666666,9663000.0
NA1,GTM,2005,44.0,1481020000.0
NA1,GTM,1998,22.0,1342912000.0
NA1,GTM,2010,14.666666666666666,872373000.0
NA1,GTM,2020,11.0,436476000.0
NA1,GTM,1996,8.8,933000.0
NA1,GTM,2001,7.333333333333333,165000.0
NA1,GTM,2002,6.285714285714286,163000.0
NA1,HND,1998,44.0,6810789000.0
NA1,HND,1982,22.0,306302000.0
NA1,HND,2005,14.666666666666666,173083000.0
NA1,HND,2010,11.0,120790000.0
NA1,HND,2007,8.8,9286000.0
NA1,HND,2001,7.333333333333333,8264000.0
NA1,HND,1996,6.285714285714286,2799000.0
NA1,HTI,2016,44.0,2438717000.0
NA1,HTI,1980,22.0,1420511000.0
NA1,HTI,2012,14.666666666666666,323764000.0
NA1,HTI,1998,11.0,323161000.0
NA1,HTI,1988,8.8,225906000.0
NA1,HTI,1994,7.333333333333333,98720000.0
NA1,HTI,2004,6.285714285714286,79019000.0
NA1,HTI,2005,5.5,75677000.0
NA1,HTI,1996,4.888888888888889,187000.0
NA1,HTI,2001,4.4,33000.0
NA1,JAM,1988,44.0,2474708000.0
NA1,JAM,2004,22.0,1386708000.0
NA1,JAM,2007,14.666666666666666,423437000.0
NA1,JAM,1980,11.0,227282000.0
NA1,JAM,2010,8.8,201317000.0
NA1,JAM,2001,7.333333333333333,91709000.0
NA1,JAM,2008,6.285714285714286,89981000.0
NA1,JAM,2005,5.5,51701000.0
NA1,JAM,2012,4.888888888888889,21085000.0
NA1,JAM,1985,4.4,14148000.0
NA1,JAM,1996,4.0,5597000.0
NA1,JAM,2002,3.6666666666666665,1676000.0
NA1,KNA,1998,44.0,718135000.0
NA1,KNA,1995,22.0,378342000.0
NA1,KNA,1989,14.666666666666666,108595000.0
NA1,KNA,1999,11.0,72735000.0
NA1,KNA,2017,8.8,23879000.0
NA1,LCA,1980,44.0,312477000.0
NA1,LCA,2007,22.0,56458000.0
NA1,LCA,2021,14.666666666666666,36721000.0
NA1,LCA,1988,11.0,6187000.0
NA1,LCA,2004,8.8,775000.0
NA1,LCA,2010,7.333333333333333,671000.0
NA1,MEX,2023,44.0,12000000000.0
NA1,MEX,2005,22.0,11853551000.0
NA1,MEX,2010,14.666666666666666,7918459000.0
NA1,MEX,2013,11.0,7163199000.0
NA1,MEX,1995,8.8,4656679000.0
NA1,MEX,1993,7.333333333333333,3383215000.0
NA1,MEX,2014,6.285714285714286,3141819000.0
NA1,MEX,2002,5.5,1366672000.0
NA1,MEX,2012,4.888888888888889,1089837000.0
NA1,MEX,2015,4.4,1016193000.0
NA1,MEX,2007,4.0,846874000.0
NA1,MEX,1997,3.6666666666666665,816431000.0
NA1,MEX,2021,3.3846153846153846,766819000.0
NA1,MEX,2001,3.142857142857143,662771000.0
NA1,MEX,2018,2.933333333333333,633783000.0
NA1,MEX,2019,2.75,438426000.0
NA1,MEX,2020,2.588235294117647,378807000.0
NA1,MEX,1982,2.4444444444444446,249894000.0
NA1,MEX,1990,2.3157894736842106,203154000.0
NA1,MEX,1988,2.2,188078000.0
NA1,MEX,2003,2.0952380952380953,159088000.0
NA1,MEX,1981,2.0,128746000.0
NA1,MEX,2011,1.9130434782608696,127112000.0
NA1,MEX,2008,1.8333333333333333,101945000.0
NA1,MEX,2016,1.76,60968000.0
NA1,MEX,2009,1.6923076923076923,54565000.0
NA1,MEX,2022,1.6296296296296295,51000000.0
NA1,MEX,1992,1.5714285714285714,6257000.0
NA1,MEX,2006,1.5172413793103448,3920000.0
NA1,MEX,2017,1.4666666666666666,2388000.0
NA1,MEX,1998,1.4193548387096775,1795000.0
NA1,MEX,2000,1.375,1700000.0
NA1,MEX,1996,1.3333333333333333,19000.0
NA1,MSR,1989,44.0,566581000.0
NA1,MSR,1995,22.0,38410000.0
NA1,MTQ,2007,44.0,423437000.0
NA1,MTQ,1995,22.0,307283000.0
NA1,MTQ,1980,14.666666666666666,241487000.0
NA1,MTQ,2017,11.0,52533000.0
NA1,MTQ,1996,8.8,19000.0
NA1,NIC,1998,44.0,1773254000.0
NA1,NIC,1982,22.0,1079639000.0
NA1,NIC,2020,14.666666666666666,1039173000.0
NA1,NIC,1988,11.0,989883000.0
NA1,NIC,2022,8.8,180000000.0
NA1,NIC,1996,7.333333333333333,18845000.0
NA1,NIC,2000,6.285714285714286,1700000.0
NA1,NIC,2001,5.5,1653000.0
NA1,NIC,2002,4.888888888888889,1627000.0
NA1,PAN,1988,44.0,148482000.0
NA1,PAN,2020,22.0,12438000.0
NA1,PAN,1998,14.666666666666666,90000.0
NA1,PER,2023,44.0,705000000.0
NA1,PER,1997,22.0,21878000.0
NA1,PRI,2017,44.0,81186997000.0
NA1,PRI,1998,22.0,3141839000.0
NA1,PRI,2022,14.666666666666666,2500000000.0
NA1,PRI,1996,11.0,932913000.0
NA1,PRI,2011,8.8,650520000.0
NA1,PRI,1995,7.333333333333333,576156000.0
NA1,PRI,1999,6.285714285714286,263534000.0
NA1,PRI,2004,5.5,154939000.0
NA1,PRI,2020,4.888888888888889,67620000.0
NA1,SLV,2009,44.0,1280911000.0
NA1,SLV,1998,22.0,696770000.0
NA1,SLV,2005,14.666666666666666,533035000.0
NA1,SLV,2020,11.0,248768000.0
NA1,SLV,2010,8.8,26842000.0
NA1,SLV,2022,7.333333333333333,17000000.0
NA1,SLV,1996,6.285714285714286,19000.0
NA1,SXM,2017,44.0,2984816000.0
NA1,TCA,2008,44.0,679636000.0
NA1,TCA,2017,22.0,596963000.0
NA1,TCA,1985,14.666666666666666,14000.0
NA1,TTO,2004,44.0,1549000.0
NA1,VCT,1980,44.0,57886000.0
NA1,VCT,2010,22.0,33553000.0
NA1,VCT,2002,14.666666666666666,17897000.0
NA1,VCT,1987,11.0,13651000.0
NA1,VCT,2004,8.8,7747000.0
NA1,VEN,1993,44.0,9116000.0
NA1,VGB,2017,44.0,3581779000.0
NA1,VGB,1996,22.0,3732000.0
NA1,VIR,1995,44.0,1797604000.0
NA1,VIR,1999,22.0,316241000.0
NA1,VIR,1998,14.666666666666666,179534000.0
NA1,VIR,1989,11.0,51464000.0
NA2,CAN,1995,44.0,192052000.0
NA2,CAN,2003,22.0,174996000.0
NA2,CAN,1996,14.666666666666666,187000.0
NA2,USA,2005,44.0,236066989000.0
NA2,USA,2017,22.0,181775300000.0
NA2,USA,2022,14.666666666666666,101000000000.0
NA2,USA,2004,11.0,82214761000.0
NA2,USA,2021,8.8,74575932000.0
NA2,USA,2012,7.333333333333333,66550151000.0
NA2,USA,1992,6.285714285714286,65698733000.0
NA2,USA,2008,5.5,52386376000.0
NA2,USA,2020,4.888888888888889,37795848000.0
NA2,USA,2018,4.4,35109485000.0
NA2,USA,1989,4.0,17705657000.0
NA2,USA,2016,3.6666666666666665,12925201000.0
NA2,USA,1999,3.3846153846153846,12706746000.0
NA2,USA,1995,3.142857142857143,11139002000.0
NA2,USA,2011,2.933333333333333,10473371000.0
NA2,USA,2001,2.75,9916769000.0
NA2,USA,1998,2.588235294117647,9874351000.0
NA2,USA,1985,2.4444444444444446,9522392000.0
NA2,USA,1983,2.3157894736842106,8814905000.0
NA2,USA,2019,2.2,6524875000.0
NA2,USA,1996,2.0952380952380953,6343809000.0
NA2,USA,2003,2.0,5440795000.0
NA2,USA,2002,1.9130434782608696,3742077000.0
NA2,USA,2023,1.8333333333333333,3500000000.0
NA2,USA,1980,1.76,3231662000.0
NA2,USA,1991,1.6923076923076923,3223268000.0
NA2,USA,2015,1.6296296296296295,2469484000.0
NA2,USA,1994,1.5714285714285714,1480797000.0
NA2,USA,2009,1.5172413793103448,818474000.0
NA2,USA,1982,1.4666666666666666,697519000.0
NA2,USA,2000,1.4193548387096775,372192000.0
NA2,USA,2010,1.375,134211000.0
NA2,USA,2014,1.3333333333333333,81590000.0
NA2,USA,2006,1.2941176470588236,47704000.0
NI,BGD,1991,44.0,3824945000.0
NI,BGD,2007,22.0,3246350000.0
NI,BGD,2020,14.666666666666666,1696149000.0
NI,BGD,2016,11.0,731615000.0
NI,BGD,2009,8.8,368313000.0
NI,BGD,1994,7.333333333333333,251735000.0
NI,BGD,2023,6.285714285714286,251000000.0
NI,BGD,1985,5.5,136034000.0
NI,BGD,2015,4.888888888888889,49390000.0
NI,BGD,2019,4.4,6622000.0
NI,IND,2020,44.0,16871026000.0
NI,IND,2014,22.0,8653447000.0
NI,IND,1999,14.666666666666666,5253117000.0
NI,IND,2021,11.0,4752123000.0
NI,IND,1996,8.8,2799299000.0
NI,IND,1982,7.333333333333333,2260630000.0
NI,IND,2018,6.285714285714286,2092001000.0
NI,IND,2019,5.5,2071934000.0
NI,IND,1983,4.888888888888889,1663079000.0
NI,IND,1990,4.4,1551767000.0
NI,IND,2016,4.0,1219359000.0
NI,IND,2013,3.6666666666666665,1124945000.0
NI,IND,1998,3.3846153846153846,842013000.0
NI,IND,1986,3.142857142857143,728759000.0
NI,IND,2011,2.933333333333333,488703000.0
NI,IND,2009,2.75,409237000.0
NI,IND,1993,2.588235294117647,202588000.0
NI,IND,2023,2.4444444444444446,125000000.0
NI,IND,1984,2.3157894736842106,98600000.0
NI,IND,1995,2.2,92761000.0
NI,IND,2003,2.0952380952380953,44545000.0
NI,IND,1994,2.0,37711000.0
NI,IND,1988,1.9130434782608696,32171000.0
NI,IND,2002,1.8333333333333333,677000.0
NI,LKA,2017,44.0,413099000.0
NI,LKA,2012,22.0,72656000.0
NI,MMR,2008,44.0,5437091000.0
NI,MMR,2023,22.0,2240000000.0
NI,MMR,2010,14.666666666666666,76500000.0
NI,MMR,1994,11.0,19744000.0
NI,MMR,2004,8.8,1066000.0
NI,OMN,2007,44.0,5504681000.0
NI,OMN,2010,22.0,1342112000.0
NI,OMN,2002,14.666666666666666,81350000.0
NI,PAK,2007,44.0,2286560000.0
NI,PAK,2010,22.0,107369000.0
NI,PAK,1999,14.666666666666666,19213000.0
NI,SOM,2013,44.0,2513000.0
NI,TJK,1999,44.0,351000.0
NI,YEM,2015,44.0,246948000.0
OC,ASM,2004,44.0,232409000.0
OC,ASM,1989,22.0,11804000.0
OC,AUS,2011,44.0,3252600000.0
OC,AUS,2017,22.0,3223601000.0
OC,AUS,2013,14.666666666666666,2512521000.0
OC,AUS,2006,11.0,1716448000.0
OC,AUS,1999,8.8,878448000.0
OC,AUS,2015,7.333333333333333,840859000.0
OC,AUS,2021,6.285714285714286,739819000.0
OC,AUS,1990,5.5,348520000.0
OC,AUS,2000,4.888888888888889,254925000.0
OC,AUS,1989,4.4,254751000.0
OC,AUS,1995,4.0,188211000.0
OC,AUS,1986,3.6666666666666665,186900000.0
OC,AUS,2007,3.3846153846153846,141146000.0
OC,AUS,1996,3.142857142857143,87134000.0
OC,AUS,1988,2.933333333333333,50526000.0
OC,AUS,1982,2.75,20816000.0
OC,COK,1987,44.0,64391000.0
OC,FJI,2016,44.0,731615000.0
OC,FJI,1985,22.0,206772000.0
OC,FJI,1993,14.666666666666666,202588000.0
OC,FJI,1983,11.0,149415000.0
OC,FJI,2018,8.8,69928000.0
OC,FJI,1986,7.333333333333333,53400000.0
OC,FJI,2010,6.285714285714286,52915000.0
OC,FJI,1997,5.5,49227000.0
OC,FJI,2003,4.888888888888889,47726000.0
OC,FJI,2008,4.4,40778000.0
OC,FJI,2022,4.0,25000000.0
OC,FJI,1990,3.6666666666666665,22398000.0
OC,FJI,2009,3.3846153846153846,18143000.0
OC,FJI,2020,3.142857142857143,15966000.0
OC,FJI,2021,2.933333333333333,10800000.0
OC,FJI,2012,2.75,10707000.0
OC,FJI,1980,2.588235294117647,8012000.0
OC,FJI,2004,2.4444444444444446,6198000.0
OC,FJI,1999,2.3157894736842106,6149000.0
OC,FJI,1992,2.2,3337000.0
OC,FJI,2007,2.0952380952380953,920000.0
OC,FSM,1987,44.0,15454000.0
OC,FSM,2015,22.0,13582000.0
OC,FSM,2002,14.666666666666666,813000.0
OC,GUM,2023,44.0,4300000000.0
OC,GUM,1992,22.0,625702000.0
OC,GUM,1997,14.666666666666666,364641000.0
OC,GUM,2002,11.0,211508000.0
OC,GUM,2004,8.8,1549000.0
OC,GUM,1987,7.333333333333333,373000.0
OC,NCL,2003,44.0,63635000.0
OC,NCL,1981,22.0,644000.0
OC,NIU,2004,44.0,61976000.0
OC,NZL,2023,44.0,2800000000.0
OC,PNG,1993,44.0,3039000.0
OC,PYF,1983,44.0,108717000.0
OC,PYF,2010,22.0,14763000.0
OC,SLB,1986,44.0,53400000.0
OC,SLB,2015,22.0,2469000.0
OC,TKL,1990,44.0,5376000.0
OC,TON,2020,44.0,125515000.0
OC,TON,2001,22.0,84788000.0
OC,TON,1982,14.666666666666666,64293000.0
OC,TON,2014,11.0,38322000.0
OC,TON,1990,8.8,5600000.0
OC,TON,2011,7.333333333333333,3903000.0
OC,VUT,2015,44.0,554893000.0
OC,VUT,1985,22.0,470678000.0
OC,VUT,1987,14.666666666666666,64391000.0
OC,VUT,1993,11.0,12155000.0
OC,VUT,1981,8.8,3219000.0
OC,VUT,2014,7.333333333333333,2472000.0
OC,WSM,1991,44.0,597379000.0
OC,WSM,1990,22.0,447970000.0
OC,WSM,2012,14.666666666666666,169530000.0
OC,WSM,1989,11.0,36592000.0
ROW,BLR,1997,44.0,60166000.0
ROW,BRA,2023,44.0,705000000.0
ROW,BRA,2004,22.0,542288000.0
ROW,DEU,1996,44.0,933000.0
ROW,ESP,1984,44.0,2817149000.0
ROW,FRA,1996,44.0,19000.0
ROW,GBR,1996,44.0,559748000.0
ROW,IRL,1996,44.0,1866000.0
ROW,MAF,2017,44.0,4895098000.0
ROW,MAR,2005,44.0,75000.0
ROW,NOR,1993,44.0,6078000.0
ROW,PRK,2000,44.0,10197032000.0
ROW,PRK,1993,22.0,222846000.0
ROW,PRK,2019,14.666666666666666,27473000.0
ROW,PRK,2018,11.0,5408000.0
ROW,PRK,2002,8.8,813000.0
ROW,PRK,1997,7.333333333333333,18000.0
ROW,PRT,2018,44.0,134611000.0
ROW,REU,1980,44.0,237936000.0
ROW,REU,1989,22.0,118038000.0
ROW,REU,2014,14.666666666666666,105078000.0
ROW,REU,2002,11.0,81350000.0
ROW,REU,1987,8.8,5151000.0
ROW,RUS,1994,44.0,118464000.0
ROW,RUS,2004,22.0,9296000.0
ROW,RUS,2000,14.666666666666666,85000.0
ROW,SYC,2013,44.0,11683000.0
ROW,UKR,1997,44.0,61989000.0
ROW,UKR,1992,22.0,3337000.0
SI,COM,1983,44.0,67581000.0
SI,COM,1987,22.0,23181000.0
SI,COM,1985,14.666666666666666,15149000.0
SI,COM,1989,11.0,12361000.0
SI,MDG,1981,44.0,804660000.0
SI,MDG,1982,22.0,758173000.0
SI,MDG,1984,14.666666666666666,704287000.0
SI,MDG,1986,11.0,400501000.0
SI,MDG,2004,8.8,387349000.0
SI,MDG,2007,7.333333333333333,338750000.0
SI,MDG,2012,6.285714285714286,127466000.0
SI,MDG,1997,5.5,91160000.0
SI,MDG,2008,4.888888888888889,81556000.0
SI,MDG,1983,4.4,73458000.0
SI,MDG,2015,4.0,56798000.0
SI,MDG,2013,3.6666666666666665,31407000.0
SI,MDG,2019,3.3846153846153846,28618000.0
SI,MDG,2017,3.142857142857143,23879000.0
SI,MDG,1994,2.933333333333333,20139000.0
SI,MDG,2023,2.75,20000000.0
SI,MDG,2022,2.588235294117647,16000000.0
SI,MDG,2000,2.4444444444444446,15296000.0
SI,MDG,2009,2.3157894736842106,6821000.0
SI,MDG,2002,2.2,294000.0
SI,MOZ,2019,44.0,2552714000.0
SI,MOZ,1984,22.0,211286000.0
SI,MOZ,2008,14.666666666666666,27185000.0
SI,MOZ,1996,11.0,27054000.0
SI,MOZ,2017,8.8,20297000.0
SI,MOZ,2009,7.333333333333333,4092000.0
SI,MOZ,2000,6.285714285714286,1700000.0
SI,MOZ,1997,5.5,91000.0
SI,MUS,1994,44.0,267333000.0
SI,MUS,1989,22.0,141645000.0
SI,MUS,2002,14.666666666666666,81350000.0
SI,MUS,1982,11.0,2951000.0
SI,MWI,2023,44.0,506710000.0
SI,SWZ,1984,44.0,152554000.0
SI,ZAF,1984,44.0,259178000.0
SI,ZWE,2017,44.0,225652000.0
SI,ZWE,2007,22.0,1694000.0
WP1,IDN,2021,44.0,864022000.0
WP1,KHM,2020,44.0,113077000.0
WP1,KHM,1997,22.0,18000.0
WP1,LAO,2018,44.0,262229000.0
WP1,LAO,2009,22.0,136412000.0
WP1,LAO,1992,14.666666666666666,7613000.0
WP1,MYS,1996,44.0,97023000.0
WP1,MYS,1997,22.0,1823000.0
WP1,THA,1989,44.0,1067061000.0
WP1,THA,1996,22.0,279874000.0
WP1,THA,1990,14.666666666666666,111992000.0
WP1,THA,1997,11.0,81133000.0
WP1,THA,1994,8.8,39488000.0
WP1,THA,2005,7.333333333333333,29971000.0
WP1,THA,1991,6.285714285714286,17885000.0
WP1,THA,2015,5.5,693000.0
WP1,VNM,2017,44.0,3563870000.0
WP1,VNM,2013,22.0,1852017000.0
WP1,VNM,2020,14.666666666666666,1615290000.0
WP1,VNM,2006,11.0,1567859000.0
WP1,VNM,2009,8.8,1453063000.0
WP1,VNM,1996,7.333333333333333,1119533000.0
WP1,VNM,1997,6.285714285714286,875139000.0
WP1,VNM,2016,5.5,659864000.0
WP1,VNM,2012,4.888888888888889,436955000.0
WP1,VNM,2005,4.4,375013000.0
WP1,VNM,2018,4.0,278778000.0
WP1,VNM,2007,3.6666666666666665,269588000.0
WP1,VNM,2008,3.3846153846153846,258941000.0
WP1,VNM,1998,3.142857142857143,194255000.0
WP1,VNM,2001,2.933333333333333,137513000.0
WP1,VNM,1993,2.75,131682000.0
WP1,VNM,1994,2.588235294117647,88848000.0
WP1,VNM,2022,2.4444444444444446,65000000.0
WP1,VNM,2010,2.3157894736842106,59724000.0
WP1,VNM,1989,2.2,49576000.0
WP1,VNM,2004,2.0952380952380953,46482000.0
WP1,VNM,2000,2.0,44188000.0
WP1,VNM,1995,1.9130434782608696,40715000.0
WP1,VNM,1992,1.8333333333333333,38376000.0
WP1,VNM,2021,1.76,28620000.0
WP1,VNM,1991,1.6923076923076923,20414000.0
WP1,VNM,2014,1.6296296296296295,13227000.0
WP1,VNM,2019,1.5714285714285714,4579000.0
WP1,VNM,2015,1.5172413793103448,269000.0
WP2,PHL,2013,44.0,12734166000.0
WP2,PHL,2015,22.0,2323003000.0
WP2,PHL,2014,14.666666666666666,1313963000.0
WP2,PHL,2009,11.0,1272314000.0
WP2,PHL,2020,8.8,1181621000.0
WP2,PHL,2012,7.333333333333333,1170315000.0
WP2,PHL,2021,6.285714285714286,1107282000.0
WP2,PHL,1988,5.5,997347000.0
WP2,PHL,1984,4.888888888888889,947942000.0
WP2,PHL,1990,4.4,870181000.0
WP2,PHL,2011,4.0,685957000.0
WP2,PHL,2018,3.6666666666666665,659822000.0
WP2,PHL,2019,3.3846153846153846,616215000.0
WP2,PHL,1995,3.142857142857143,608997000.0
WP2,PHL,2008,2.933333333333333,600290000.0
WP2,PHL,1991,2.75,590933000.0
WP2,PHL,1993,2.588235294117647,521546000.0
WP2,PHL,1987,2.4444444444444446,498898000.0
WP2,PHL,2006,2.3157894736842106,480403000.0
WP2,PHL,1998,2.2,422689000.0
WP2,PHL,1980,2.0952380952380953,420440000.0
WP2,PHL,1989,2.0,403890000.0
WP2,PHL,2010,1.9130434782608696,381724000.0
WP2,PHL,1982,1.8333333333333333,359692000.0
WP2,PHL,2023,1.76,317520000.0
WP2,PHL,1981,1.6923076923076923,284477000.0
WP2,PHL,1994,1.6296296296296295,273280000.0
WP2,PHL,1986,1.5714285714285714,230849000.0
WP2,PHL,1985,1.5172413793103448,225907000.0
WP2,PHL,2004,1.4666666666666666,215159000.0
WP2,PHL,2016,1.4193548387096775,208210000.0
WP2,PHL,2001,1.375,160918000.0
WP2,PHL,2000,1.3333333333333333,141848000.0
WP2,PHL,2022,1.2941176470588236,87125000.0
WP2,PHL,1996,1.2571428571428571,70901000.0
WP2,PHL,2003,1.2222222222222223,56046000.0
WP2,PHL,2007,1.1891891891891893,14049000.0
WP2,PHL,1997,1.1578947368421053,13674000.0
WP2,PHL,2017,1.1282051282051282,12984000.0
WP2,PHL,1983,1.1,12693000.0
WP2,PHL,2002,1.0731707317073171,10842000.0
WP2,PHL,1999,1.0476190476190477,3162000.0
WP2,PHL,2005,1.0232558139534884,2997000.0
WP3,CHN,2023,44.0,25690000000.0
WP3,CHN,2013,22.0,12695771000.0
WP3,CHN,2019,14.666666666666666,11898166000.0
WP3,CHN,2006,11.0,10999690000.0
WP3,CHN,2005,8.8,10025318000.0
WP3,CHN,2014,7.333333333333333,9597874000.0
WP3,CHN,2018,6.285714285714286,9445935000.0
WP3,CHN,2015,5.5,9281171000.0
WP3,CHN,2016,4.888888888888889,6744468000.0
WP3,CHN,1997,4.4,6581225000.0
WP3,CHN,2001,4.0,5869075000.0
WP3,CHN,2017,3.6666666666666665,4317955000.0
WP3,CHN,1990,3.3846153846153846,4186277000.0
WP3,CHN,1994,3.142857142857143,3844148000.0
WP3,CHN,2012,2.933333333333333,3839285000.0
WP3,CHN,2007,2.75,3678740000.0
WP3,CHN,1986,2.588235294117647,3668587000.0
WP3,CHN,1996,2.4444444444444446,3582386000.0
WP3,CHN,2004,2.3157894736842106,3400922000.0
WP3,CHN,1993,2.2,2496143000.0
WP3,CHN,2009,2.0952380952380953,2390755000.0
WP3,CHN,2021,2.0,2160056000.0
WP3,CHN,1992,1.9130434782608696,1746543000.0
WP3,CHN,2008,1.8333333333333333,1711325000.0
WP3,CHN,1991,1.76,1488913000.0
WP3,CHN,1989,1.6923076923076923,1144966000.0
WP3,CHN,1999,1.6296296296296295,1057299000.0
WP3,CHN,2010,1.5714285714285714,964690000.0
WP3,CHN,2011,1.5172413793103448,912790000.0
WP3,CHN,2003,1.4666666666666666,855793000.0
WP3,CHN,2022,1.4193548387096775,463000000.0
WP3,CHN,2000,1.375,405252000.0
WP3,CHN,1987,1.3333333333333333,309074000.0
WP3,CHN,2020,1.2941176470588236,197884000.0
WP3,CHN,1998,1.2571428571428571,175943000.0
WP3,CHN,1995,1.2222222222222223,167085000.0
WP4,HKG,2017,44.0,902011000.0
WP4,HKG,1992,22.0,458223000.0
WP4,HKG,1983,14.666666666666666,36858000.0
WP4,HKG,1991,11.0,21488000.0
WP4,HKG,1993,8.8,14019000.0
WP4,HKG,2008,7.333333333333333,517000.0
WP4,HKG,1989,6.285714285714286,158000.0
WP4,HKG,1985,5.5,114000.0
WP4,JPN,2019,44.0,29888502000.0
WP4,JPN,2004,22.0,23463260000.0
WP4,JPN,1991,14.666666666666666,21674328000.0
WP4,JPN,2018,11.0,19812821000.0
WP4,JPN,1990,8.8,8959394000.0
WP4,JPN,1999,7.333333333333333,8784477000.0
WP4,JPN,1998,6.285714285714286,5988345000.0
WP4,JPN,1986,5.5,5874011000.0
WP4,JPN,2006,4.888888888888889,3629303000.0
WP4,JPN,1993,4.4,3545285000.0
WP4,JPN,2011,4.0,3213569000.0
WP4,JPN,2000,3.6666666666666665,2889160000.0
WP4,JPN,2022,3.3846153846153846,2752000000.0
WP4,JPN,2001,3.142857142857143,2148633000.0
WP4,JPN,2017,2.933333333333333,1793277000.0
WP4,JPN,2005,2.75,1498553000.0
WP4,JPN,2007,2.588235294117647,1496144000.0
WP4,JPN,2009,2.4444444444444446,1364123000.0
WP4,JPN,2014,2.3157894736842106,687331000.0
WP4,JPN,1982,2.2,642930000.0
WP4,JPN,2015,2.0952380952380953,284238000.0
WP4,JPN,1985,2.0,270708000.0
WP4,JPN,2013,1.9130434782608696,256278000.0
WP4,JPN,2012,1.8333333333333333,184062000.0
WP4,JPN,1997,1.76,182321000.0
WP4,JPN,2003,1.6923076923076923,167042000.0
WP4,JPN,2016,1.6296296296296295,121936000.0
WP4,JPN,1995,1.5714285714285714,18437000.0
WP4,JPN,1994,1.5172413793103448,11846000.0
WP4,JPN,2002,1.4666666666666666,8135000.0
WP4,KOR,2003,44.0,7158941000.0
WP4,KOR,2002,22.0,6833359000.0
WP4,KOR,2020,14.666666666666666,1356919000.0
WP4,KOR,1987,11.0,1352201000.0
WP4,KOR,1995,8.8,1085092000.0
WP4,KOR,2012,7.333333333333333,1018455000.0
WP4,KOR,1991,6.285714285714286,666142000.0
WP4,KOR,2019,5.5,633027000.0
WP4,KOR,1981,4.888888888888889,431298000.0
WP4,KOR,1989,4.4,416673000.0
WP4,KOR,2004,4.0,388898000.0
WP4,KOR,2016,3.6666666666666665,153639000.0
WP4,KOR,2000,3.3846153846153846,139869000.0
WP4,KOR,2007,3.142857142857143,98802000.0
WP4,KOR,1982,2.933333333333333,90981000.0
WP4,KOR,1985,2.75,38090000.0
WP4,KOR,1986,2.588235294117647,29103000.0
WP4,KOR,1980,2.4444444444444446,25640000.0
WP4,KOR,2021,2.3157894736842106,14040000.0
WP4,KOR,2005,2.2,8242000.0
WP4,KOR,1999,2.0952380952380953,7028000.0
WP4,KOR,1994,2.0,22000.0
WP4,MAC,2017,44.0,1695376000.0
WP4,TWN,1996,44.0,2425574000.0
WP4,TWN,2001,22.0,1730477000.0
WP4,TWN,1986,14.666666666666666,1294952000.0
WP4,TWN,1994,11.0,902300000.0
WP4,TWN,2004,8.8,631704000.0
WP4,TWN,2014,7.333333333333333,519207000.0
WP4,TWN,2000,6.285714285714286,484359000.0
WP4,TWN,2005,5.5,358154000.0
WP4,TWN,2009,4.888888888888889,341031000.0
WP4,TWN,1998,4.4,231598000.0
WP4,TWN,2016,4.0,219484000.0
WP4,TWN,2008,3.6666666666666665,193561000.0
WP4,TWN,2010,3.3846153846153846,98108000.0
WP4,TWN,1997,3.142857142857143,91160000.0
WP4,TWN,2007,2.933333333333333,84687000.0
WP4,TWN,2013,2.75,77385000.0
WP4,TWN,1992,2.588235294117647,72999000.0
WP4,TWN,2012,2.4444444444444446,44996000.0
WP4,TWN,2018,2.3157894736842106,39626000.0
WP4,TWN,2015,2.2,32103000.0
WP4,TWN,2017,2.0952380952380953,20536000.0
WP4,TWN,2023,2.0,10000000.0
WP4,TWN,2022,1.9130434782608696,400000.0
