Country Name,Country Code,Indicator Name,Indicator Code,1960,1961,1962,1963,1964,1965,1966,1967,1968,1969,1970,1971,1972,1973,1974,1975,1976,1977,1978,1979,1980,1981,1982,1983,1984,1985,1986,1987,1988,1989,1990,1991,1992,1993,1994,1995,1996,1997,1998,1999,2000,2001,2002,2003,2004,2005,2006,2007,2008,2009,2010,2011,2012,2013,2014,2015,2016,2017,2018,2019,2020,2021,2022
Aruba,ABW,Mineral rents (% of GDP),NY.GDP.MINR.RT.ZS,,,,,,,,,,,,,,,,,,,,,,,,,,,0,0,0,0,0,0,0,0,0,0,0,0,0,0,0,0,0,0,0,0,0,0,0,0,0,0,0,0,0,0,0,0,0,0,0,0,
Afghanistan,AFG,Mineral rents (% of GDP),NY.GDP.MINR.RT.ZS,,,,,,,,,,,0,0,0,0,0,0,0,0,0,0,0,0,,,,,,,,,,,,,,,,,,,,,0,0,0,0,0,0,0,0,0,0,0,0.002316241,0.002994516,0.001988824,0.002812493,0,0,0,0,0,
Angola,AGO,Mineral rents (% of GDP),NY.GDP.MINR.RT.ZS,,,,,,,,,,,,,,,,,,,,,0,0,0,0,0,0,0,0,0,0,0,0,0,0,0,0,0,0,0,0,0,0,0,0,0,0,0,0,0,0,0,0,0,0,0,0,0,0,0,0,0,0,
Albania,ALB,Mineral rents (% of GDP),NY.GDP.MINR.RT.ZS,,,,,,,,,,,,,,,,,,,,,,,,,0.604964557,0.692259344,0.440841191,0.674238792,3.647668602,3.651131252,1.489163096,2.322708047,0.431830628,0.146794463,0.045027312,0.037183656,0.037460468,0.008600433,0.018331495,0.005672402,0,0,0,0,0.00996934,0.025123242,0.121229707,0.834611353,0.078706623,0.0418367,0.142023694,0.218928064,0.165774444,0.111634516,0.105381258,0.065794847,0.002694133,0,0.040868827,0.036388555,0.038933811,0.180213706,
Andorra,AND,Mineral rents (% of GDP),NY.GDP.MINR.RT.ZS,,,,,,,,,,,0,0,0,0,0,0,0,0,0,0,0,0,0,0,0,0,0,0,0,0,0,0,0,0,0,0,0,0,0,0,0,0,0,0,0,0,0,0,0,0,0,0,0,0,0,0,0,0,0,0,0,0,
United Arab Emirates,ARE,Mineral rents (% of GDP),NY.GDP.MINR.RT.ZS,,,,,,,,,,,,,,,,0,0,0,0,0,0,0,0,0,0,0,0,0,0,0,0,0,0,0,0,0,0,0,0,0,0,0,0,0,0,0,0,0,0,0,0,0,0,0,0,0,0,0,0,0,0,0,
Argentina,ARG,Mineral rents (% of GDP),NY.GDP.MINR.RT.ZS,,,,,,,,,,,0.025668335,0.017174775,0.025931809,0.055811007,0.06676958,0.029998885,0.038951493,0.043100832,0.031165752,0.059226066,0.065917911,0.03022265,0.018986992,0.022178046,0.028056467,0.022592436,0.011046741,0.012139289,0.187625766,0.296510963,0.060109856,0.012867516,0.008259854,0.002843381,0.004873942,0.006198879,0.005517457,0.004537976,0.014256334,0.022251984,0.002020369,0.001119119,0.199715933,0.189784358,0.226514484,0.208636459,0.550799858,0.431152491,0.308451844,0.299002838,0.522757302,0.516427776,0.431941664,0.230446182,0.237871847,0.076578009,0.145541934,0.103008865,0.182567164,0.187297066,0.257461778,0.580266655,
Armenia,ARM,Mineral rents (% of GDP),NY.GDP.MINR.RT.ZS,,,,,,,,,,,,,,,,,,,,,,,,,,,,,,,0,0,0.265019425,0.26948156,0.46429817,0.551537755,0.281076391,0.291894849,0.088170258,0.148454247,0.271357452,0.280957152,0.570610604,0.006165259,0,0,0,0,0,0.032994057,2.356602742,2.46981729,1.137141993,0.864490764,0.0660727,0.495863085,0,0,0.826353695,1.94779106,2.151672223,6.786568475,
American Samoa,ASM,Mineral rents (% of GDP),NY.GDP.MINR.RT.ZS,,,,,,,,,,,,,,,,,,,,,,,,,,,,,,,,,,,,,,,,,,,0,0,0,0,0,0,0,0,0,0,0,0,0,0,0,0,0,0,0,0,
Antigua and Barbuda,ATG,Mineral rents (% of GDP),NY.GDP.MINR.RT.ZS,,,,,,,,,,,,,,,,,,0,0,0,0,0,0,0,0,0,0,0,0,0,0,0,0,0,0,0,0,0,0,0,0,0,0,0,0,0,0,0,0,0,0,0,0,0,0,0,0,0,0,0,0,0,
Australia,AUS,Mineral rents (% of GDP),NY.GDP.MINR.RT.ZS,,,,,,,,,,,1.470685731,1.412515801,1.315015986,1.847522248,2.092474962,1.628952577,1.950897661,2.017082227,1.520271157,1.779067798,1.992930879,1.346576395,1.337776518,1.245890678,1.347477009,1.518570797,1.291559058,1.417862884,2.811492194,1.514301148,1.509737253,1.268602333,1.19653198,0.93808861,0.944299542,0.862292199,0.8236615,0.769712288,1.024913779,0.901811388,0.944083749,1.14917514,1.027249698,0.75689793,0.902925008,1.903139001,2.80480565,4.253489766,4.12640451,2.376292199,4.855348362,5.028480035,3.045172491,3.55343966,2.91578772,1.851790924,2.588433725,3.185874884,2.861055972,3.31748181,4.088047232,10.46577549,
Austria,AUT,Mineral rents (% of GDP),NY.GDP.MINR.RT.ZS,,,,,,,,,,,0.018690851,0.012681078,0.009589743,0.0385821,0.047435251,0.007787939,0.016695663,0.008815538,0.002295212,0.005326241,0.002159822,0.001483979,0.007668455,0.003141987,8.68E-05,0.000656402,0,0.000254473,0.010416966,0.013842986,0.003974445,0.004155442,0.008208069,0.005036688,0.002504312,0.002672256,0.001716398,0.001561404,0.008739189,0.007315056,0.006707654,0.004798174,0.003936507,0.001858661,0.001953311,0.013494247,0.014003224,0.033589372,0.039573196,0.010972674,0.04501931,0.04887748,0.030747361,0.033602767,0.018417947,0.009146728,0.011742427,0.015395277,0,0,0,0,
Azerbaijan,AZE,Mineral rents (% of GDP),NY.GDP.MINR.RT.ZS,,,,,,,,,,,,,,,,,,,,,,,,,,,,,,,0,0,1.982806333,0.309113077,0,0,0,0,0.001575562,0,0,0,0.000284928,9.80E-05,0.000682309,0.001147864,0.001211635,0.003233602,0.004838265,0.012877153,0.094985555,0.116719549,0.087836131,0.057982751,0.050603108,0.073185134,0.109557378,0.309498967,0.152776195,0.17409348,0.240132615,0.349496289,
Burundi,BDI,Mineral rents (% of GDP),NY.GDP.MINR.RT.ZS,,,,,,,,,,,0,0,0,0.011729176,0.081768885,0.020584291,0.033348254,0.077093941,0.085618996,0.08967399,0.085350371,0.002100097,0.001279914,0.00445531,0.01489942,0.006580671,0.008521034,0.014083436,0.012141604,0.004281189,0.00175159,0.008700536,0,0,0,0.279591504,0.90906014,0,0,0,0,0.095659396,0.151905256,0.0838956,0.103358958,0.130980425,0.321245039,0.345131802,0.390316646,0.271088031,0.189455217,0.384587492,0.434074064,0.217091977,0.261465662,0.142891183,0.164040128,0.270235283,0,0,0,0,
Belgium,BEL,Mineral rents (% of GDP),NY.GDP.MINR.RT.ZS,,,,,,,,,,,0.017806229,0.000485556,0,0.000220538,0.002844357,0,0.003392622,0.001557567,0,0,0,0,5.18E-05,2.30E-05,0,0,0,0,0,0,0,0,0,0,0,0,0,0,0,0,0,0,0,0,0,0,0,0,0,0,0,0,0,0,0,0,0,0,0,0,0,0,
Benin,BEN,Mineral rents (% of GDP),NY.GDP.MINR.RT.ZS,,,,,,,,,,,0,0,0,0,0,0,0,0,0,0,0,0,0,0,0,0,0,0,0,0,0,0,0,0,0,0,0,0,0.035468616,0.000507726,0,0.00088202,0.001237808,0.000492248,0.000407521,0.000594103,0.00186046,0.001447404,0.001667493,0.001974653,0.002602327,0.003849313,0.003456726,0.002073354,0.001595767,0,0,0,0,0,0,0,
Burkina Faso,BFA,Mineral rents (% of GDP),NY.GDP.MINR.RT.ZS,,,,,,,,,,,0,0,0,0,0,0,0,0,0,0,0,0,0,0,0.233671727,0.368409334,0.619704304,0.573054088,0.541502162,0.530375593,0.273409271,0.777557436,0.080436974,0,0.134174738,0.079992468,0.124531171,0.097216175,0.067740614,0.031911966,0.038153991,0.013239834,0.027948687,0.011108588,0.026028643,0.044342603,0.131141061,0.00062931,0.471558295,1.457955035,4.22402378,7.061493157,5.102308672,3.618895993,2.781322097,2.436194534,3.654471262,4.180310484,3.652481458,3.438234607,4.35726997,15.45260048,
Bangladesh,BGD,Mineral rents (% of GDP),NY.GDP.MINR.RT.ZS,,,,,,,,,,,0,0,0,0,0,0,0,0,0,0,0,0,0,0,0,0,0,0,0,0,0,0,0,0,0,0,0,0,0,0,0,0,0,0,0,0,0,0,0,0,0,0,0,0,0,0,0,0,0,0,0,0,
Bulgaria,BGR,Mineral rents (% of GDP),NY.GDP.MINR.RT.ZS,,,,,,,,,,,,,,,,,,,,,0.558803512,0.345232741,0.352059533,0.346012497,0.386031887,0.498918586,0.133535952,0.163185468,2.452280072,2.154752609,0.382672578,0.376599847,0.454915431,0.317298601,0.575113811,0.45905898,0.400762419,0.467956972,0.178116689,0.06521625,0.043346282,0.025760204,0.017954483,0.014564458,0.109883692,0.281830643,1.094883974,0.896092542,0.515520517,0.15992395,0.724359681,0.816225356,0.847075071,0.608878278,0.360710359,0.260084624,0.177081545,0.316211256,0.27043299,0.248855463,0.348456224,0.593627371,
Bahrain,BHR,Mineral rents (% of GDP),NY.GDP.MINR.RT.ZS,,,,,,,,,,,,,,,,,,,,,0,0,0,0,0,0,0,0,0,0,0,0,0,0,0,0,0,0,0,0,0,0,0,0,0,0,0,0,0,0,0,0,0,0,0,0,0,0,0,0,0,0,
"Bahamas, The",BHS,Mineral rents (% of GDP),NY.GDP.MINR.RT.ZS,,,,,,,,,,,0,0,0,0,0,0,0,0,0,0,0,0,0,0,0,0,0,0,0,0,0,0,0,0,0,0,0,0,0,0,0,0,0,0,0,0,0,0,0,0,0,0,0,0,0,0,0,0,0,0,0,0,
Bosnia and Herzegovina,BIH,Mineral rents (% of GDP),NY.GDP.MINR.RT.ZS,,,,,,,,,,,,,,,,,,,,,,,,,,,,,,,,,,,0.160892051,0.066363568,0.014500311,0.011448777,0.052885207,0.03898099,0.057915437,0.031888157,0.017736117,0.019704164,0.09018955,0.703806919,0.458670811,0.791281847,0.746316087,0.264643735,0.809638529,1.085857879,0.816582828,0.805134663,0.459672382,0.255856936,0.279700783,0.356165463,0.156407537,0.033403299,0.028151383,0.039780043,
Belarus,BLR,Mineral rents (% of GDP),NY.GDP.MINR.RT.ZS,,,,,,,,,,,,,,,,,,,,,,,,,,,,,,,0,0,0,0,0,0,0,0,0,0,0,0,0,0,0,0,0,0,0,0,0,0,0,0,0,0,0,0,0,0,0,0,
Belize,BLZ,Mineral rents (% of GDP),NY.GDP.MINR.RT.ZS,,,,,,,,,,,0,0,0,0,0,0,0,0,0,0,0,0,0,0,0,0,0,0,0,0,0,0,0,0,0,0,0,0,0.000654591,0.000907606,0.001217288,6.84E-05,0.000127979,0.000243124,0,0,0.003439603,0.003379121,0.004057814,0.004847438,0,0,0,0,0,0,0,0,0,0,0,0,
Bermuda,BMU,Mineral rents (% of GDP),NY.GDP.MINR.RT.ZS,,,,,,,,,,,0,0,0,0,0,0,0,0,0,0,0,0,0,0,0,0,0,0,0,0,0,0,0,0,0,0,0,0,0,0,0,0,0,0,0,0,0,0,0,0,0,0,0,0,0,0,0,0,0,0,0,0,
Bolivia,BOL,Mineral rents (% of GDP),NY.GDP.MINR.RT.ZS,,,,,,,,,,,1.051181438,0.469637163,0.52801721,2.713944602,4.14524682,0.530852099,0.431358154,2.616332821,2.626881105,3.134964488,4.402015546,1.312268129,0.986962634,1.137023495,0.707916275,0.405535201,0.077939411,0.467650145,3.047539008,4.251198247,3.041737962,1.187887624,1.097270316,0.798346265,1.738909149,2.043890638,1.462127627,1.269537172,0.169697256,0.211120591,0.278147846,0.121156626,0.224689917,0.23473799,0.563598302,0.913753282,3.576706241,4.520673504,3.46252645,1.631661931,3.248263477,5.126636767,3.230746928,2.555414564,2.186357652,0.154530696,0.707160513,2.423215133,1.166435134,0.562741002,0.453988608,5.910056033,
Brazil,BRA,Mineral rents (% of GDP),NY.GDP.MINR.RT.ZS,,,,,,,,,,,0.489549108,0.397243118,0.458517275,0.380213589,0.564246681,0.648535358,0.866695811,0.61931404,0.493968869,0.567144839,0.707473754,0.646954627,0.680272326,0.978207998,0.989265372,1.10649848,0.856235317,0.801432362,0.843087563,0.753599478,0.768736211,0.668690323,0.65383307,0.401330253,0.256437174,0.186451622,0.19335411,0.164715647,0.291965683,0.347740644,0.287289488,0.427934715,0.427572122,0.216753355,0.099336685,0.824394035,0.885931939,1.549182092,1.868139355,0.590993461,1.631334779,1.812910522,1.284449284,1.369495042,0.819525993,0.570992537,0.771513115,0.827049854,0.839935533,0.799151749,1.144589399,4.488940185,
Barbados,BRB,Mineral rents (% of GDP),NY.GDP.MINR.RT.ZS,,,,,,,,,,,,,,,0,0,0,0,0,0,0,0,0,0,0,0,0,0,0,0,0,0,0,0,0,0,0,0,0,0,0,0,0,0,0,0,0,0,0,0,0,0,0,0,0,0,0,0,0,0,0,0,
Brunei Darussalam,BRN,Mineral rents (% of GDP),NY.GDP.MINR.RT.ZS,,,,,,,,,,,0,0,0,0,0,0,0,0,0,0,0,0,0,0,0,0,0,0,0,0,0,0,0,0,0,0,0,0,0,0,0,0,0,0,0,0,0,0,0,0,0,0,0,0,0,0,0,0,0,0,0,0,
Bhutan,BTN,Mineral rents (% of GDP),NY.GDP.MINR.RT.ZS,,,,,,,,,,,,,,,,,,,,,0,0,0,0,0,0,0,0,0,0,0,0,0,0,0,0,0,0,0,0,0,0,0,0,0,0.029610822,0.02790216,0,0,0,0,0,0.022131224,0.126629869,0.06702741,0.064402581,0.045231405,0.054058487,0.069662226,0.103603699,0.052408282,0.075034793,
Botswana,BWA,Mineral rents (% of GDP),NY.GDP.MINR.RT.ZS,,,,,,,,,,,0,0,0,0.3977354,2.795434932,2.049946458,5.562983255,3.456210234,0.628313951,2.538192016,2.086741009,0.692480437,0.290520288,0.530853989,0.208943336,0.334786319,0.006358962,0.211059107,6.405067032,4.750348043,1.198129338,2.280458941,1.200431279,0.515037409,0.943221994,1.448471209,0.490842684,0.728962454,0.180956861,0.935691249,1.934210599,0.602410887,0.370227785,1.413454782,2.602899083,1.804514087,5.871527757,6.722274654,2.745906425,1.564618855,1.336228559,1.205015934,1.353263473,0.617000176,0.221227865,0.045897046,0.059400481,0.063803168,0.062240813,0.053910099,0.069236779,0.242401016,
Central African Republic,CAF,Mineral rents (% of GDP),NY.GDP.MINR.RT.ZS,,,,,,,,,,,0,0,0,0,0,0,0,0,0,0.025199454,0.089879872,0.041982585,0.025417568,0.071417943,0.155487416,0.080771364,0.056570996,0.095873059,0.128029728,0.066719012,0.045879577,0.070791993,0.032934201,0.049439002,0.076777301,0.012162562,0.032068495,0.020971173,0.00900189,0.005106094,0.002680713,0.004334005,0.005212285,0.002305109,0.000693934,0.002187317,0.003730033,0.00366106,0.017603077,0.028370539,0.034744025,0.044741557,0.042192971,0.046030001,0.033563751,0.028285515,0.033787405,0.047426373,0.055682514,0.069684684,0.187943546,0.768048037,
Canada,CAN,Mineral rents (% of GDP),NY.GDP.MINR.RT.ZS,,,,,,,,,,,1.299737211,0.942167857,0.862279378,1.709724615,1.770850806,0.788855386,0.74359396,0.594436696,0.360267309,0.646325113,0.900067442,0.486517345,0.356449698,0.371859889,0.395074533,0.336345719,0.22911497,0.345823584,1.096893598,0.790006586,0.549339394,0.469744785,0.346063229,0.202891515,0.297840897,0.403004703,0.298429961,0.218185373,0.104340832,0.12505864,0.180010591,0.122183454,0.138256427,0.153175451,0.285289345,0.278767398,0.60274695,0.785283814,0.513529437,0.203571172,0.449991271,0.555035052,0.338173536,0.280229668,0.252537146,0.153735193,0.160582353,0.204739487,0.125273089,0.188938776,0.233498836,1.184260348,
Switzerland,CHE,Mineral rents (% of GDP),NY.GDP.MINR.RT.ZS,,,,,,,,,,,,,,,,,,,,,0,0,0,0,0,0,0,0,0,0,0,0,0,0,0,0,0,0,0,0,0,0,0,0,0,0,0,0,0,0,7.47E-05,0.00015829,0.000120323,0.000106795,7.91E-05,0,0,0,0,0,0,0,
Chile,CHL,Mineral rents (% of GDP),NY.GDP.MINR.RT.ZS,,,,,,,,,,,9.598958324,6.067804127,5.247820509,6.806755588,9.903446165,10.39176002,10.91940384,7.326657079,6.080382371,7.558803903,6.872697815,4.024030991,4.940061716,7.063378704,6.003143208,7.213485139,6.065928382,7.492382119,10.90380802,11.83685503,9.54796165,4.755795503,3.637224432,2.264798518,4.06408791,5.71244002,4.354086416,4.103319096,1.998272429,2.995969801,4.34085503,3.319689167,2.824616294,4.380384399,9.080818663,9.275351028,16.87038517,16.5646132,13.09847541,8.12539087,11.31766331,11.52468674,8.457771398,7.000310675,6.159700968,3.287716523,2.429155677,4.406047545,4.991578943,1.753235661,4.602399709,16.22742658,
China,CHN,Mineral rents (% of GDP),NY.GDP.MINR.RT.ZS,,,,,,,,,,,0.190311948,0.142432078,0.111912039,0.175160226,0.319417071,0.220500586,0.421319811,0.423540651,0.280544558,0.354068171,0.404616392,0.532478138,0.465097625,0.407938802,0.287607377,0.254013353,0.175061501,0.258693728,1.111368885,0.395103474,0.376864557,0.742892478,0.689419166,0.523713114,0.444568832,0.31794409,0.238792079,0.234160854,0.438148653,0.337011065,0.143065125,0.124862065,0.12780684,0.137301921,0.263034043,0.719382293,1.171129499,2.157458536,2.362210588,0.996362931,2.020011284,2.332862098,0.783715366,0.604283762,0.358822126,0.203345375,0.185155153,0.235890376,0.178921788,0.272313305,0.16834919,0.510049245,
Cote d'Ivoire,CIV,Mineral rents (% of GDP),NY.GDP.MINR.RT.ZS,,,,,,,,,,,0,0,0,0,0,0,0,0,0,0,0,0,0,0,0,0,0,0,0.000300183,0.000452449,0.000578576,0,0.027459715,0.030254815,0.065434515,0.128619002,0,0.028740258,0,0,0,0,0,0.012390328,0,0,0.009076275,0,0.110068813,0.240205141,0.093749138,0.65451162,0.530274437,0.368977123,0.351420911,0.361552777,0.5598811,0.400849571,0.455348393,0.574500242,0.724356662,2.501077,
Cameroon,CMR,Mineral rents (% of GDP),NY.GDP.MINR.RT.ZS,,,,,,,,,,,0,0,0,0,0,1.40E-05,0,0,0,0.000219369,0.000346228,0.000205225,0.000261541,0.000702275,0.000459769,0.000238442,0.000230298,0.000315123,0.000277174,0.000182334,0.000143136,0.000274509,0,0,0,0.010297915,0.032369538,0.020251804,0.015414697,0.010762206,0.019381995,0.018451222,0.020905557,0.008243926,0.010049821,0.014999596,0.039115141,0.039011076,0.044166243,0.061960341,0.072166741,0.10750432,0.095786445,0.061559411,0.043695441,0.044675836,0.054706937,0.041532083,0,0,0,0,
"Congo, Dem. Rep.",COD,Mineral rents (% of GDP),NY.GDP.MINR.RT.ZS,,,,,,,,,,,8.922904527,5.679271662,5.228969959,9.19374863,9.003078977,3.418762322,4.158624472,2.725716448,2.173661268,3.365835898,4.59485727,3.886716095,2.638002517,4.125826778,4.350990534,4.868221805,3.33834114,5.871952647,9.532348416,9.727113612,6.597960697,1.01381625,0.495761076,0.142035111,0.275094631,0.365253823,0.301368882,0.196892317,0.212448293,0.351662895,0.077461316,0.115803321,0.127083658,0.216470606,0.405551758,1.520970332,5.058046073,2.419409151,4.34789396,3.809428143,6.411615166,9.391739814,7.624246048,7.809362286,6.966345158,3.289944751,2.461602195,7.001726399,8.092888301,3.635276035,5.634589932,28.8127978,
"Congo, Rep.",COG,Mineral rents (% of GDP),NY.GDP.MINR.RT.ZS,,,,,,,,,,,0.054856962,0.122284946,0.304539469,0.742585878,0.523345141,0.419084077,0.262950836,0.177008257,0.252829718,0.477442229,0.294431963,0.124054674,0.042333512,0.020085476,0.007329323,0.018585243,0.023689,0.049530244,0.781737493,0.210074063,0.354261665,0.894608858,0.255693534,0.206598045,0.219097199,0.039932021,0.099495476,0.492168672,0.000893353,0.000528602,0.000634467,0.000722655,0.000855531,0.000375766,0.004333573,0.003520479,0.006754929,0.007085645,0.007004799,0.009888826,0.014154246,0.019719386,0.016325443,0.010838993,0.008875868,0.01008542,0.015084785,0.011260868,0,0,0,0,
Colombia,COL,Mineral rents (% of GDP),NY.GDP.MINR.RT.ZS,,,,,,,,,,,0.01718032,0.026099187,0.011149191,0.009349624,0.012268796,0.019790786,0.022033331,0.016919951,0.009644537,0.052239022,0.50090937,0.253160621,0.146454348,0.244720173,0.277520221,0.25964251,0.265949766,0.337280014,0.622310868,0.476020538,0.226326364,0.434369845,0.316107148,0.180953994,0.222638563,0.254858718,0.198986784,0.114781887,0.030467746,0.195505618,0.389708656,0.152327977,0.224937814,0.620164531,0.841593768,0.805803486,1.230452434,1.224214458,0.483899311,0.558259226,0.735935017,0.779801055,0.686447911,0.349514038,0.264573878,0.174415252,0.282365489,0.217285981,0.146434355,0.198761584,0.334771272,0.910145515,
Comoros,COM,Mineral rents (% of GDP),NY.GDP.MINR.RT.ZS,,,,,,,,,,,,,,,,,,,,,0,0,0,0,0,0,0,0,0,0,0,0,0,0,0,0,0,0,0,0,0,0,0,0,0,0,0,0,0,0,0,0,0,0,0,0,0,0,0,0,0,0,
Cabo Verde,CPV,Mineral rents (% of GDP),NY.GDP.MINR.RT.ZS,,,,,,,,,,,,,,,,,,,,,0,0,0,0,0,0,0,0,0,0,0,0,0,0,0,0,0,0,0,0,0,0,0,0,0,0,0,0,0,0,0,0,0,0,0,0,0,0,0,0,0,0,
Costa Rica,CRI,Mineral rents (% of GDP),NY.GDP.MINR.RT.ZS,,,,,,,,,,,0,0,0,0,0,0,0,0,0,0.017822335,0.118451966,0.129127788,0.097515054,0.141385563,0.088287937,0.021460201,0.03181005,0.011914181,0.009013311,0.003251029,0.002058119,0.012396083,0,0,0,0.01988512,0.02037669,0.010574299,0.005406894,0.00170715,0.000646315,0.000497763,0.000951805,0.002009828,0.004900374,0.014961496,0.058393642,0.088342504,0.007015562,0.007948543,0.017346615,0.033253849,0.024286379,0.003427139,0.002296883,0.001417853,0.002134156,0.002000251,0,0,0,0,
Cuba,CUB,Mineral rents (% of GDP),NY.GDP.MINR.RT.ZS,,,,,,,,,,,0.753701855,0.608707233,0.529232207,0.421514333,0.358592835,0.449572315,0.520712355,0.472816375,0.151410232,0.289277785,0.357442836,0.248851626,0.045323441,0.038871995,0.055916945,0.092006545,0.003760741,0.007803313,1.280892395,1.302380697,0.413760587,0.568997217,0.467252016,0.19752107,0.201519314,0.522060944,0.540550456,0.273632763,0.069064656,0.150182891,0.758448871,0.286976709,0.398376407,0.801614763,1.412563599,1.141424679,2.087654915,4.973145782,0.989721931,0.592984044,1.170297276,0.884147808,0.32631837,0.053604147,0.195859031,0.109233698,0.023874964,0.090630287,0.243514309,0.261017131,0.244316813,,
Curacao,CUW,Mineral rents (% of GDP),NY.GDP.MINR.RT.ZS,,,,,,,,,,,,,,,,,,,,,,,,,,,,,,,,,,,,,,,,,,,,,,,,,,,,0,0,0,0,0,0,0,0,0,0,0,
Cayman Islands,CYM,Mineral rents (% of GDP),NY.GDP.MINR.RT.ZS,,,,,,,,,,,,,,,,,,,,,,,,,,,,,,,,,,,,,,,,,,,,,,,0,0,0,0,0,0,0,0,0,0,0,0,0,0,0,0,
Cyprus,CYP,Mineral rents (% of GDP),NY.GDP.MINR.RT.ZS,,,,,,,,,,,,,,,,1.124841918,1.23994406,0.463034428,0.281492091,0.095289727,0.062612116,0,0.016774063,0.032854685,0.022761285,0.020328651,0.005050442,0.001517348,0.009129518,0.02387751,0.011808044,0.002254639,0.001886818,0.001214051,0,0,0.006550771,0.018062849,0.007024414,0.009650082,0.016802718,0.007861494,0.009492259,0.006863598,0.007987284,0,0,0.00494683,0.003006672,0.017805235,0.038417321,0.061056583,0.06125595,0.040990433,0.031813166,0.018860529,0,0.004097083,0.003734168,0.002802694,0.007124237,0.011925021,
Czechia,CZE,Mineral rents (% of GDP),NY.GDP.MINR.RT.ZS,,,,,,,,,,,,,,,,,,,,,,,,,,,,,,,0.020170951,0.017267177,0.032257139,0.027367872,0.013068634,0.00885416,0.006969647,0.006422675,0,0,0,0,0,0,0,0,0,0,0,0,0,0,0,0,0,0,0,0,0,0,0,0,
Germany,DEU,Mineral rents (% of GDP),NY.GDP.MINR.RT.ZS,,,,,,,,,,,0.007929843,0.005552684,0.005774255,0.018628046,0.007341041,0.00199967,0.002260502,0.002273715,0.001807839,0.005255872,0.013733405,0.009632156,0.00432273,0.00628901,0.001249428,0.001204048,0.000298026,0.000443325,0.000599567,0.000503588,0.000270542,0.000442016,0.000176739,2.13E-06,3.06E-06,9.42E-06,6.65E-06,1.09E-05,9.48E-05,6.41E-05,0.000222784,0.000135058,0.000117725,6.15E-05,9.51E-05,0.000264918,0.000312536,0.000747534,0.001022102,0.000234754,0.000979581,0.001245436,0.000749769,0.000688312,0.000392192,0,0,0,0,0.030365573,0.031723374,0,
Djibouti,DJI,Mineral rents (% of GDP),NY.GDP.MINR.RT.ZS,,,,,,,,,,,,,,,,,,,,,,,,,,0,,0,0,0,0,0,0,0,0,0,0,0,0,0,0,0,0,0,0,0,0,0,0,0,0,0,0,0,0,0,0,0,0,0,0,0,
Dominica,DMA,Mineral rents (% of GDP),NY.GDP.MINR.RT.ZS,,,,,,,,,,,,,,,,,,0,0,0,0,0,0,0,0,0,0,0,0,0,0,0,0,0,0,0,0,0,0,0,0,0,0,0,0,0,0,0,0,0,0,0,0,0,0,0,0,0,0,0,0,0,
Denmark,DNK,Mineral rents (% of GDP),NY.GDP.MINR.RT.ZS,,,,,,,,,,,0.000566697,8.43E-05,0.00043675,0.000411159,0.000476079,5.69E-05,0.000225097,0.000365955,0.000283134,0.000559655,0.004724307,0,0,0,0,0,0,0,0,0.025481205,0.008579743,0,0,0,0,0,0,0,0,0,0,0,0,0,0,0.002982781,0.002798575,0.004802649,0.006037446,0.005618071,0,0.000892637,0.002818714,0.000595738,0,0,0,0,0,0,0,0,
Dominican Republic,DOM,Mineral rents (% of GDP),NY.GDP.MINR.RT.ZS,,,,,,,,,,,0.666930707,0.725502233,1.874563327,2.585030661,2.598981239,2.087754909,1.965110213,1.706105435,0.805252155,2.008545368,3.037912363,1.901186345,0.782645977,1.044589765,0.683252995,1.41167154,0.537934961,1.171510963,5.683376058,4.456461006,1.929251251,1.338864824,0.747149722,0.23134042,0.752016211,1.09234745,0.671155359,0.463657242,0.016306245,0.163860529,0.317058364,0,0.008183107,0.515241558,1.187933793,0.704552608,1.571477951,2.49633606,0.203833347,0.095712281,0.116273238,0.295353946,0.404673374,0.974400857,0.973349625,0.487794699,1.22105831,0.984084371,0.832348887,1.021820937,1.195399325,2.044790194,
Algeria,DZA,Mineral rents (% of GDP),NY.GDP.MINR.RT.ZS,,,,,,,,,,,0.171412475,0.182914659,0.152052987,0.158091711,0.326816267,0.305620274,0.174381269,0.285054422,0.06580294,0.060583782,0.077787368,0.077124549,0.096124336,0.067453385,0.05356503,0.046260581,0.031758167,0.024720881,0.049804137,0.062889309,0.045331513,0.038261016,0.046217872,0.029658478,0.025530152,0.023241916,0.024073064,0.016702995,0.043122512,0.025948675,0.021608573,0.020991357,0.017327512,0.010831076,0.014369281,0.048868892,0.072412261,0.130378859,0.33427785,0.171442811,0.153545568,0.155584161,0.142947453,0.079994049,0.054553617,0.056410038,0.050784676,0.040783718,0.026513265,0.002901287,0.002009997,0.003786768,
Ecuador,ECU,Mineral rents (% of GDP),NY.GDP.MINR.RT.ZS,,,,,,,,,,,0.006502124,0.006222404,0.006292252,0.008787556,0.003854955,0.000934484,0.001704373,0.003200873,0.001704809,0.007184832,0.01153955,0.003190886,0.00107556,0.00055048,0.150423367,0.089491029,0.126013933,0.241321469,0.167219997,0.048323116,0.031413011,0.256245452,0.023722829,0.015859853,0.029985693,0.175258715,0.134112002,0.029750702,0.01295096,0.015909071,0.031250468,0.010199919,0.059176423,0.104498851,0.086226618,0.090409613,0.120095801,0.071592742,0.022354193,0.140750723,0.144998504,0.193071406,0.18333277,0.1644248,0.089204779,0.064381013,0.082895842,0.084956951,0,0,0,0,
"Egypt, Arab Rep.",EGY,Mineral rents (% of GDP),NY.GDP.MINR.RT.ZS,,,,,,,,,,,0.014116729,0.014431045,0.011055382,0.012426821,0.2349248,0.245287511,0.103076559,0.199392881,0.052037506,0.045055139,0.071887849,0.082839475,0.068986599,0.04813238,0.034117682,0.038882891,0.02767167,0.026829837,0.027437431,0.035553209,0.045956865,0.03656139,0.043776895,0.024817259,0.015612185,0.013129372,0.01632923,0.015352368,0.040220807,0.027137317,0.013091261,0.023851184,0.021749874,0.019072091,0.015340038,0.048670842,0.061287871,0.096612242,0.693023408,0.619163373,0.214767137,0.468680137,0.501480974,0.284318835,0.182287319,0.12598689,0.176063334,0.213844528,0.073788826,0,0,0,
Eritrea,ERI,Mineral rents (% of GDP),NY.GDP.MINR.RT.ZS,,,,,,,,,,,,,,,,,,,,,,,,,,,,,,,,,0,0,0.069471996,0.014275536,0.05074155,0.194796201,0.133854768,0.09648274,0.076542749,0.028742904,0,0,0.00375311,0.00532835,0.013506332,0.014165173,0.017737773,0.015535992,0.039027747,24.63059836,,,,,,,,,,,
Spain,ESP,Mineral rents (% of GDP),NY.GDP.MINR.RT.ZS,,,,,,,,,,,0.064297645,0.046162744,0.038139429,0.122084767,0.141580602,0.023411551,0.041540862,0.029843608,0.014626583,0.04093686,0.058800934,0.027129961,0.021370385,0.02393478,0.019152863,0.007309798,0.005578833,0.010514796,0.140774065,0.134045022,0.034820746,0.011836015,0.020918241,0.016074914,0.016089525,0.012727287,0.007044308,0.009648842,0.003468674,0.003940198,0.00693068,0.002477258,0.002152998,0.001279519,0.00147376,0.002431831,0.008091501,0.013651019,0.003916749,0.00064018,0.01398816,0.021458907,0.035522856,0.023344258,0.021139125,0.014237094,0.013036682,0.026228772,0.029840842,0.016414714,0.01820821,0.096495799,
Estonia,EST,Mineral rents (% of GDP),NY.GDP.MINR.RT.ZS,,,,,,,,,,,,,,,,,,,,,,,,,,,,,,,,,,,,0,0,0,0,0,0,0,0,0,0,0,0,0,0,0,0,0,0,0,0,0,0,0,0,0,0,0,
Ethiopia,ETH,Mineral rents (% of GDP),NY.GDP.MINR.RT.ZS,,,,,,,,,,,,,,,,,,,,,,0.035747703,0.020919411,0.030619786,0.034359993,0.028182706,0.031989207,0.031396483,0.028291269,0.016293335,0.015346031,0.060351107,0.063585805,0.141804254,0.167468677,0.082117908,0.105023186,0.076318758,0.055689582,0.079300006,0.12865458,0.127735991,0.175343493,0.081113622,0.043024562,0.069021215,0.144218575,0.138498847,0.105336516,0.118868129,0.281800576,0.704513481,0.548844238,0.343869213,0.229163198,0.112168491,0.118963294,0.112045766,0.036120394,0.027894091,0.08462238,0.264587229,
Finland,FIN,Mineral rents (% of GDP),NY.GDP.MINR.RT.ZS,,,,,,,,,,,0.325802369,0.182123236,0.178215204,0.37914042,0.380707635,0.104197457,0.135203052,0.10584053,0.065967584,0.112830521,0.13636065,0.076208768,0.055317816,0.066232234,0.035106628,0.036142703,0.01721812,0.01818341,0.044628447,0.099078977,0.036601063,0.045291795,0.041855726,0.026603967,0.019428457,0.01679043,0.014057638,0.029288661,0.014394441,0.022966989,0.022942394,0.001559017,0.011238783,0.015808112,0.034400852,0.046240138,0.105546886,0.10347399,0.097300047,0.080635891,0.146740869,0.191800291,0.239325163,0.129280421,0.096571049,0.066956337,0.058398205,0.119924228,0.110866113,0.016994199,0.014302412,0.109078886,
Fiji,FJI,Mineral rents (% of GDP),NY.GDP.MINR.RT.ZS,,,,,,,,,,,0,0,0,0.340227726,0.774673693,0.540665559,0.154334211,0.208565228,0.192627621,0.449870275,0.92757574,0.730071176,0.81729902,0.944452167,0.847543432,0.866131626,1.363764618,1.981924828,2.07949998,2.023193458,1.690303908,0.71900978,0.550346583,0.582416563,0.687055133,0.585233869,0.52486305,0.435359837,0.420758277,0.395960755,0.474080642,0.444216373,0.516580758,0.463739516,0.52150799,0.493858974,0.501825408,0.219696222,0.259287173,0.497807907,1.104222288,1.04900713,1.140809558,0.515173924,0.376605837,0.31296636,0.356911448,0.351645616,0.324147005,0.312629925,0.479582808,1.12613724,
France,FRA,Mineral rents (% of GDP),NY.GDP.MINR.RT.ZS,,,,,,,,,,,0.017421706,0.014634121,0.012239354,0.010403823,0.022039531,0.010511107,0.027240897,0.020595827,0.00966915,0.010380295,0.015406206,0.008458526,0.014131296,0.011619153,0.00890185,0.007984434,0.004254911,0.003227661,0.003481696,0.003725101,0.002091924,0.002130807,0.004488458,0.002636229,0.003150203,0.001761459,0.001671996,0.000698579,0.00045109,0.00062091,0.000414117,0.000396138,0.000491093,0.000376999,0.000206076,0.000298559,0.000581288,0.000624905,0.001039423,0.001277152,0.001363959,0.000264008,0.000290143,0.000168557,0.000119124,1.88E-05,2.04E-05,3.35E-05,3.05E-05,0,0,0,
Faroe Islands,FRO,Mineral rents (% of GDP),NY.GDP.MINR.RT.ZS,,,,,,,,,,,,,,,,,,,,,,,,,,,,,,,,,,,,,,,0,0,0,0,0,0,0,0,0,0,0,0,0,0,0,0,0,0,0,0,0,0,0,0,
"Micronesia, Fed. Sts.",FSM,Mineral rents (% of GDP),NY.GDP.MINR.RT.ZS,,,,,,,,,,,,,,,,,,,,,,,,0,,,0,0,0,0,0,0,0,0,0,0,0,0,0,0,0,0,0,0,0,0,0,0,0,0,0,0,0,0,0,0,0,0,0,0,0,0,
Gabon,GAB,Mineral rents (% of GDP),NY.GDP.MINR.RT.ZS,,,,,,,,,,,0,0,0,0,0.007496191,0.000347955,0,0,0,0.002570971,0.004589836,0.002985858,0.002031158,0.00302324,0.004837696,0.00435734,0.006217626,0.012217195,0.015257149,0.004856345,0.002961289,0.006015705,0.003755133,0.010132377,0.008135905,0.001974228,0.004414527,0.002871399,0.002719136,0.001868579,0.002821798,0.002816368,0.003405761,0.001415265,0.004869878,0.006107618,0.015839455,0.014988938,0.015722128,0.023812385,0,0,0.074690476,0.083780653,0.058925077,0.072313372,0.074748492,0.055789958,0.005163316,0.00566241,0.007931662,0.022526634,
United Kingdom,GBR,Mineral rents (% of GDP),NY.GDP.MINR.RT.ZS,,,,,,,,,,,0.000424174,0.000271994,0.000405283,0.001180198,0.0042401,0.000389351,0.002791695,0.00581158,0.003249552,0.003186583,0.004846,0.002476388,0.001742735,0.002046837,0.001997643,0.001327742,2.77E-05,7.89E-05,0.000804465,0.001616918,0.000349171,3.43E-05,1.95E-05,1.58E-05,1.37E-05,8.37E-06,1.14E-05,1.45E-05,6.26E-06,3.76E-06,3.94E-06,2.78E-06,1.68E-06,5.59E-08,4.30E-06,4.92E-06,1.19E-05,4.81E-05,8.44E-05,0.000137438,0.000162253,0.000239143,0.000117448,3.18E-05,0,0,5.89E-06,4.65E-05,3.82E-05,3.76E-05,2.83E-05,5.75E-05,
Georgia,GEO,Mineral rents (% of GDP),NY.GDP.MINR.RT.ZS,,,,,,,,,,,,,,,,,,,,,,,,,,,,,,,0,0,0.323251984,0.059271985,0.047012263,0.201420825,0.128875943,0.109491881,0.043498196,0.185890911,0.214207471,0.148781045,0.243703085,0.245497426,0.366572656,0.292049856,0.621147145,0.601460732,0.443477423,0.480214838,1.077832172,1.585159532,0.875136344,0.594507804,0.34538098,0.40223183,0.476818038,0.352658665,0.333807032,0.491837982,0.821875756,1.277789793,
Ghana,GHA,Mineral rents (% of GDP),NY.GDP.MINR.RT.ZS,,,,,,,,,,,0.122948154,0.107244179,0.12865036,0.104915665,0.581658683,0.208677064,0.171820301,0.194837697,0.201365496,0.809370358,2.947461487,1.806351366,1.148195211,1.325257987,0.879635256,0.698462874,0.612221342,1.101001796,1.038268466,0.800762132,0.768245785,1.738912344,1.5665172,2.539751619,3.994378602,1.22819737,2.631161038,1.805113213,1.722162383,1.31546159,3.032113116,2.673394839,2.950196703,1.216340941,0.945873448,1.668453789,2.1291256,2.156609163,2.078379463,2.936523718,3.948809107,5.488150611,4.818361403,2.953049657,3.16234384,2.358167392,1.224181644,1.784365535,1.72215925,2.051438944,2.237810406,5.165049712,
Gibraltar,GIB,Mineral rents (% of GDP),NY.GDP.MINR.RT.ZS,,,,,,,,,,,,,,,,,,,,,,,,,,,,,,,,,,,,,,,,,,,,,,,,,,,,,,,,,,,,,,,
Guinea,GIN,Mineral rents (% of GDP),NY.GDP.MINR.RT.ZS,,,,,,,,,,,,,,,,,,,,,,,,,,,17.17667421,14.2076371,13.26115661,16.57998273,13.62744779,13.81358376,11.22097562,8.642580801,7.351937353,4.607794344,5.282104577,5.012484498,4.400889403,4.202061589,4.943937428,4.450957597,3.313384411,2.738459276,4.037764949,8.092845167,8.798972927,7.516918227,5.796809042,5.638837741,6.689476297,8.309247963,6.514004775,4.677975192,4.873882351,3.632302273,6.852034402,9.822984157,8.208123996,0,0,0,
"Gambia, The",GMB,Mineral rents (% of GDP),NY.GDP.MINR.RT.ZS,,,,,,,,,,,0,0,0,0,0,0,0,0,0,0,0,0,0,0,0,0,0,0,0,0,0,0,0,0,0,0,0,0,0,0,0,0,0,0,0,0,0,0,0,0,0,0,0,0,0,0,0,0,0,0,0,0,
Guinea-Bissau,GNB,Mineral rents (% of GDP),NY.GDP.MINR.RT.ZS,,,,,,,,,,,0,0,0,0,0,0,0,0,0,0,0,0,0,0,0,0,0,0,0,0,0,0,0,0,0,0,0,0,0,0,0,0,0,0,0,0,0,0,0,0,0,0,0,0,0,0,0,0,0,0,0,0,
Equatorial Guinea,GNQ,Mineral rents (% of GDP),NY.GDP.MINR.RT.ZS,,,,,,,,,,,0,0,0,0,0,0,0,0,,,0,0,0,0,0,0,0,0,0,0,0,0,0,0,0,0,0,0,0.234911367,0.100201442,0.09789755,0.069160151,0.071839106,0.026493274,0.004289508,0.004748314,0.010812014,0.00952149,0.008263834,0.012796558,0.015209887,0.019272968,0.017202083,0.01182474,0.009739754,0,0,0,0,0,0,0,
Greece,GRC,Mineral rents (% of GDP),NY.GDP.MINR.RT.ZS,,,,,,,,,,,0.152561305,0.158685481,0.123347826,0.135431306,0.259446329,0.161500655,0.198044536,0.194500199,0.127363016,0.116177951,0.11928214,0.130433381,0.134433382,0.112529318,0.107263132,0.107965898,0.065950035,0.04494052,0.234636607,0.194546438,0.060540813,0.117063533,0.078439649,0.039363678,0.026379755,0.01366756,0.014273131,0.007604976,0.002852563,0.013073312,0.015368413,0.007880123,0.007265756,0.00401695,0.017638222,0.03366522,0.099472505,0.200596463,0.045283686,0.018547927,0.081505911,0.107676421,0.084369979,0.081932296,0.055018928,0.023943466,0.0439557,0.04623795,0.030780883,0.020117791,0.013612858,0.052219293,
Grenada,GRD,Mineral rents (% of GDP),NY.GDP.MINR.RT.ZS,,,,,,,,,,,,,,,,,,0,0,0,0,0,0,0,0,0,0,0,0,0,0,0,0,0,0,0,0,0,0,0,0,0,0,0,0,0,0,0,0,0,0,0,0,0,0,0,0,0,0,0,0,0,
Greenland,GRL,Mineral rents (% of GDP),NY.GDP.MINR.RT.ZS,,,,,,,,,,,0,0,0,9.57242263,46.90687928,10.06264556,7.320839221,3.105598572,2.505932499,6.016521817,3.488583929,1.786210177,2.233238912,0.946189403,4.541121358,2.686974319,0,0.162473685,22.38538744,24.52447955,7.249071589,0.638998303,1.16790498,0.623495419,0.606452795,0.479617507,0.31834088,0.861887024,0,0,0,0,0,0,0.224900454,0.335434256,0.809512759,0.672343417,0.844947976,0,0,0.114611409,0.353875743,0.019093587,0,0,0,0,0,0,0,,
Guatemala,GTM,Mineral rents (% of GDP),NY.GDP.MINR.RT.ZS,,,,,,,,,,,0.003688561,0.002629353,0.000811824,0.001080776,0.080610083,0.064947321,0.070332036,0.051565264,0.092383065,0.327377168,0.311537599,0.017058384,0.000890748,0,0,0,0,0,0,0,0,0,0,0.000176126,9.52E-05,3.84E-05,0.000160485,0.001579191,0.000822235,0.036343984,0.045879388,0.020297261,0.036274575,0.066996009,2.74E-06,0.022839013,0.250265337,0.421525096,0.359767621,0.457688927,0.639559752,1.091538429,0.588477378,0.398206056,1.033784046,0.502096478,0.456913488,0.192918659,0.195643365,0.288723986,0.353522124,1.122301508,
Guam,GUM,Mineral rents (% of GDP),NY.GDP.MINR.RT.ZS,,,,,,,,,,,,,,,,,,,,,,,,,,,,,,,,,,,,,,,,,,,0,0,0,0,0,0,0,0,0,0,0,0,0,0,0,0,0,0,0,0,
Guyana,GUY,Mineral rents (% of GDP),NY.GDP.MINR.RT.ZS,,,,,,,,,,,15.04735044,13.47001669,11.18211485,10.22776024,15.40213507,13.16744578,13.78452862,18.30811429,16.95415735,14.84748727,13.18301105,12.03795861,12.20610152,6.747916717,16.98361585,13.88461709,13.14761707,16.51155635,9.091809879,9.023420325,9.199846077,12.32613842,8.403293851,15.46994552,16.25687762,12.76623752,13.56735738,9.812961851,5.500679935,6.137542743,7.515475472,4.422915634,4.511380328,7.442208199,10.98424691,10.20172507,3.861751339,5.096996212,4.961310512,5.637869571,6.672384864,9.779628159,10.63125677,6.922789442,4.099187011,3.165508003,10.56985051,8.212379851,2.278536558,2.42171825,2.655476821,9.377775016,
"Hong Kong SAR, China",HKG,Mineral rents (% of GDP),NY.GDP.MINR.RT.ZS,,,,,,,,,,,0.004621355,0.003958358,0.001852366,0,0.000401298,0.002722653,0.00120314,0.000791014,0.000292541,0.000233033,0.000332089,0.000307228,0.000562882,0.00044168,0,0,0,0,0,0,0,0,0,0,0,0,0,0,0,0,0,0,0,0,0,0,0,0,0,0,0,0,0,0,0,0,0,0,0,0,0,0,
Honduras,HND,Mineral rents (% of GDP),NY.GDP.MINR.RT.ZS,,,,,,,,,,,0.526393487,0.467467633,0.715512,2.120917575,3.12559531,1.209499489,0.932019081,0.710122767,0.333891605,0.851044441,0.862253657,0.388413082,0.830318987,1.176123918,1.239105373,1.011346647,0.144126437,0.129560381,2.068026136,1.754701287,1.027272461,0.153187312,0.023302439,0.008496723,0.009092113,0.01184051,0.012705136,0.014235337,0.002349452,0,0,0.122281325,0.039301207,0,0.027307373,0.14759136,0.677902472,0.507112946,0.126638687,0.254646126,0.525851264,0.28779276,0.333385271,0.074510081,0.263917349,0.117103935,0.161443707,0.135931983,0.000178347,0.000553274,0.000761748,0.384580134,
Croatia,HRV,Mineral rents (% of GDP),NY.GDP.MINR.RT.ZS,,,,,,,,,,,,,,,,,,,,,,,,,,,,,,,,,,,,4.34E-05,0,0,0,0,0,0,0,0,0,0,0,0,0,1.12E-05,5.91E-05,0.000143807,0.000148657,0.000177669,0.000183009,0.000260732,0.000215648,0.000353,0.000304051,0,0,0,
Haiti,HTI,Mineral rents (% of GDP),NY.GDP.MINR.RT.ZS,,,,,,,,,,,3.315091294,2.948926601,1.830543796,1.38046751,2.161953751,1.304009815,1.680747833,1.781618137,1.620880492,1.210085446,0.796734893,0.994881676,0.825725074,0,0,0,0,0,0,0,0,0,0,0,0,0,0,0,0,0,0,0,0,0,0,0,0,0,0,0,0,0,0,0,0,0,0,0,0,0,0,0,
Hungary,HUN,Mineral rents (% of GDP),NY.GDP.MINR.RT.ZS,,,,,,,,,,,,,,,,,,,,,,,,,,,,,,,,0.108566145,0.08412671,0.045089135,0.022998378,0.015332505,0.018878264,0.007600868,0.002527422,0,0.001650123,0,0,0,0.002072573,0.00311486,0.006482964,0.007159083,0.003015561,0.001855204,0.002634694,0.001626916,0.001133723,0.000516468,5.94E-05,2.99E-05,7.17E-05,0.000150831,2.75E-05,0,0,0,
Indonesia,IDN,Mineral rents (% of GDP),NY.GDP.MINR.RT.ZS,,,,,,,,,,,0.274481829,0.327646186,0.315147737,0.595708424,0.793652682,0.381782666,0.373790613,0.427489709,0.423814234,0.666852892,0.549868212,0.340162161,0.226251648,0.263877905,0.261621326,0.254171325,0.187708479,0.290891915,1.024623578,1.03744644,0.71264246,0.319327231,0.228008437,0.139171616,0.200119114,0.708278557,0.630982423,0.554171678,1.356343197,0.977246113,0.990349937,0.968409758,0.856603744,0.918755263,1.011711117,1.586866609,1.773577675,2.654983576,1.024688398,1.41195378,1.51452959,1.378488848,0.577088879,0.720021094,0.291031668,0.231912561,0.325598442,0.338696264,0.664931025,0.527633582,0.472187315,1.909579561,
Isle of Man,IMN,Mineral rents (% of GDP),NY.GDP.MINR.RT.ZS,,,,,,,,,,,,,,,,,,,,,,,,,,,,,,,,,,,,0,0,0,0,0,0,0,0,0,0,0,0,0,0,0,0,0,0,0,0,0,0,0,0,0,,,
India,IND,Mineral rents (% of GDP),NY.GDP.MINR.RT.ZS,,,,,,,,,,,0.230817794,0.237749022,0.221188401,0.189217229,0.237879844,0.331053498,0.475123823,0.40615348,0.260954315,0.291013788,0.295481648,0.289870231,0.34989212,0.253637681,0.254870949,0.251388281,0.240581288,0.191654894,0.254832496,0.321681391,0.304710792,0.25314275,0.324165785,0.279107901,0.210288447,0.219173335,0.233677304,0.223190171,0.362647793,0.266885431,0.261484987,0.281168418,0.273599724,0.240792185,0.304343548,0.839983094,1.01880931,1.700496646,2.279760691,0.93637816,1.513160869,1.423785414,0.765651522,0.893951527,0.536394962,0.28590551,0.356697464,0.457790109,0.432284884,0.649451615,0.686623321,1.315223826,
Ireland,IRL,Mineral rents (% of GDP),NY.GDP.MINR.RT.ZS,,,,,,,,,,,0.391942322,0.240682153,0.24174229,0.697490837,0.912281372,0.147702203,0.097818293,0.133784187,0.107863968,0.323469918,0.160944359,0.048533274,0.020843826,0,0.002715151,0,0,0.006334316,0.541749438,0.645364595,0.155316915,0.035286365,0.040959392,0.000399246,0.007552041,0,0,0.0335203,0,0,0.023979848,0,0,0,0.026065392,0.042051956,0.280174684,0.260729178,0.00650679,0.01881877,0.071840032,0.061090192,0.023966272,0.00433098,0.008395188,0.000547335,0.01051767,0.041578008,0.030857292,0.011872052,0.010137513,0.036249671,
"Iran, Islamic Rep.",IRN,Mineral rents (% of GDP),NY.GDP.MINR.RT.ZS,,,,,,,,,,,0.033863543,0.021512103,0.030171414,0.089407566,0.108502165,0.032489515,0.027808593,0.020837507,0.01869626,0.017897018,0.008661652,0.007139023,0.022277133,0.02400192,0.015535587,0.018216452,0.007603951,0.0181855,0.165337419,0.167116623,0.110606498,,,0.139908368,0.233898847,0.250011477,0.109188226,0.127055092,0.13048753,0.097760743,0.084308413,0.074221552,0.078173814,0.056890103,0.187668538,0.399231468,0.733376016,1.040378941,1.053515685,0.47246055,0.95282716,1.046893851,0.668779628,0.951449365,0.632030592,0.323113318,0.320361835,0.498537166,0.743592035,0.875208745,1.448829357,3.35588041,
Iraq,IRQ,Mineral rents (% of GDP),NY.GDP.MINR.RT.ZS,,,,,,,,,,,0,0,0,0,0,0,0,0,0,0,0,0,0,0,0,0,0,0,0,0,0,0,0,0,0,0,0,0,0,0,0,0,0,0,0,0,0,0.003132533,0.001634711,0.004059873,0.00463763,0.012088727,0.013428304,0.00776848,0.000455789,0,0,0,0,0,0,0,
Iceland,ISL,Mineral rents (% of GDP),NY.GDP.MINR.RT.ZS,,,,,,,,,,,0,0,0,0,0,0,0,0,0,0,0,0,0,0,0,0,0,0,0,0,0,0,0,0,0,0,0,0,0,0,0,0,0,0,0,0,0,0,0,0,0,0,0,0,0,0,0,0,0,0,0,0,
Israel,ISR,Mineral rents (% of GDP),NY.GDP.MINR.RT.ZS,,,,,,,,,,,,,,,,,,,,,,,,,,,,,,,,,,,,0,0,0,0,0,0,0,0,0,0,0,0.016596679,0.03421562,0.281737481,0.223473116,0.087156852,0.14651747,0.18788777,0.093233925,0.061992501,0.078849429,0.066432897,0.042235923,0.034729957,0,0,0,
Italy,ITA,Mineral rents (% of GDP),NY.GDP.MINR.RT.ZS,,,,,,,,,,,0.007689103,0.00387814,0.003457848,0.01938783,0.029170697,0.003970023,0.003737232,0.004163661,0.002936912,0.005844072,0.00403838,0.001501316,0.000518859,0.000281524,0.000152745,9.93E-06,0,0.000119677,0.012215263,0.0114195,0.002469157,0.000561046,0.000812038,0.000199787,0.000411475,0.000280051,0.000153061,0.000268818,0.000140238,0.000159905,0.00013849,8.13E-05,0.000111915,9.07E-05,3.63E-05,3.86E-05,9.84E-05,0.000222739,0.000264087,0.000354766,0.000476899,0.000618005,0,0,0,0,0,0,0,0,0,0,
Jamaica,JAM,Mineral rents (% of GDP),NY.GDP.MINR.RT.ZS,,,,,,,,,,,7.799173879,7.309991879,6.025993897,6.137641509,11.96197842,6.884072463,6.996540457,8.666211792,10.96688096,11.07801031,10.69132329,10.63827938,8.0619838,6.316557975,10.86523015,8.407530488,6.36875365,4.701750487,3.941809121,5.466354681,6.014250554,7.674855764,8.304500986,4.061994455,4.172426932,2.240310588,2.573872218,1.941718473,1.685187551,1.316163551,1.368173545,1.396845961,1.020731463,0.966323422,1.628718028,1.899234241,2.549066594,2.757273248,1.822110406,1.152475281,1.201742052,1.544887234,1.161969161,1.092618473,1.095034929,1.051452711,0.964293032,1.123300602,1.285511453,0,0,0,
Jordan,JOR,Mineral rents (% of GDP),NY.GDP.MINR.RT.ZS,,,,,,,,,,,0,0,0,0,4.371959727,4.274451048,1.149990956,3.011337001,0.054954087,0.11263455,0.768060049,1.096237679,0.61021994,0.410657303,0,0.194383652,0,0,0,0,0,0,0,0,0,0,0,0,0,0,0,0,0,0,0,0,0.344275497,0.665819789,5.563435845,3.780769922,1.594488455,3.23812474,2.831517885,1.215705584,1.125396237,1.342774681,1.085014523,0.82080559,0.681456401,0,0,0,
Japan,JPN,Mineral rents (% of GDP),NY.GDP.MINR.RT.ZS,,,,,,,,,,,0.063792569,0.037887715,0.02484388,0.051949499,0.06133165,0.015090506,0.014222126,0.009539143,0.005724982,0.01088962,0.015706123,0.006086661,0.004124038,0.00407981,0.002703123,0.002690195,0.002145461,0.002376122,0.006687168,0.006883531,0.002931685,0.002059147,0.002064236,0.000914977,0.001134068,0.000964106,0.000743511,0.000875568,0.000606421,0.000601878,0.000539185,0.000427789,0.000618322,0.000679133,0.000898224,0.001214647,0.001891702,0.001748464,0.00142083,0.002026634,0.00280598,0.003506911,0.002655633,0.002014283,0.001690094,0.001718848,0.001466948,0.001548599,0.001825074,0.060755753,0.067696279,0.007205536,
Kazakhstan,KAZ,Mineral rents (% of GDP),NY.GDP.MINR.RT.ZS,,,,,,,,,,,,,,,,,,,,,,,,,,,,,,,0,0,0.847246422,1.091136203,0.480893717,0.557628766,0.473049635,0.363905711,0.530221555,0.610818836,0.862769122,0.448395033,1.879381619,1.516785111,3.138670113,3.052545184,5.023147132,5.376254366,3.884781286,2.828816154,3.896189035,3.724399609,3.492472525,3.046841,2.476361198,1.333762881,2.720638831,3.530784452,3.37110743,3.004992564,4.698794727,9.096976955,
Kenya,KEN,Mineral rents (% of GDP),NY.GDP.MINR.RT.ZS,,,,,,,,,,,0.005559892,0.003199114,0.002487962,0.003914924,0.00387435,0.001546336,0,0,0,0.000291581,0.000636152,9.90E-05,6.72E-05,0.000302597,0.001289567,0.000664198,0.003442017,0.01792794,0.002783913,0.001958472,0.003663993,0.001388014,0.0007309,0.009898913,0.010334744,0.002629052,0.008943142,0.007330306,0.004794459,0.009555595,0.020036282,0.024045306,0.029161946,0.013250154,0.004443376,0.006413603,0.00912122,0.058865865,0.007918805,0.024526547,0.066700902,0.074330822,0.131376334,0.044188412,0.003104456,0.001527757,0.002197867,0.005106996,0.004458329,0.00375994,0.001809986,0.005662431,
Kyrgyz Republic,KGZ,Mineral rents (% of GDP),NY.GDP.MINR.RT.ZS,,,,,,,,,,,,,,,,,,,,,,,,,,,,,,,0,0,0.526160968,0.598984291,1.553845742,0.255370896,0.320559996,1.586059714,1.275608654,3.000729461,3.158694661,2.753139483,2.782422696,2.901113784,2.613719901,2.036914025,0.752654501,0.50315842,3.392601593,4.000550458,9.175708257,9.36439599,2.918222651,5.222758127,3.61314487,4.072038443,5.418284008,8.494093223,4.30242709,6.965896629,6.288753129,11.15020226,
Cambodia,KHM,Mineral rents (% of GDP),NY.GDP.MINR.RT.ZS,,,,,,,,,,,0,0,0,0,0.019570513,,,,,,,,,,,,,,,,,,,0,0,0,0,0,0,0,0,0,0,0,0,0,0,0,0,0,0,0,0,0,0,0,0,0,0,0,0,0,
Kiribati,KIR,Mineral rents (% of GDP),NY.GDP.MINR.RT.ZS,,,,,,,,,,,0,0,0,0,0,0,0,0,0,0,0,0,0,0,0,0,0,0,0,0,0,0,0,0,0,0,0,0,0,0,0,0,0,0,0,0,0,0,0,0,0,0,0,0,0,0,0,0,0,0,0,0,
St. Kitts and Nevis,KNA,Mineral rents (% of GDP),NY.GDP.MINR.RT.ZS,,,,,,,,,,,0,0,0,0,0,0,0,0,0,0,0,0,0,0,0,0,0,0,0,0,0,0,0,0,0,0,0,0,0,0,0,0,0,0,0,0,0,0,0,0,0,0,0,0,0,0,0,0,0,0,0,0,
"Korea, Rep.",KOR,Mineral rents (% of GDP),NY.GDP.MINR.RT.ZS,,,,,,,,,,,0.042499418,0.028655437,0.027979118,0.165745218,0.181654934,0.036570157,0.031145742,0.022939662,0.011766183,0.019110712,0.044748133,0.020047322,0.020243701,0.023011617,0.017566784,0.015102464,0.014647842,0.025149493,0.063415032,0.054757909,0.023762841,0.003645831,0.004189833,0.001191887,0.003208971,0.010114399,0.008022679,0.007662712,0.016932421,0.010121599,0.008654867,0.010322243,0.011133636,0.012960149,0.000367083,0.001571647,0.002047107,0.002426595,0.003920997,0.002355468,0.004789466,0.005272966,0.020886361,0.004248456,0.00229588,0.000831471,0.001159952,0.001035112,0.000308062,0.081062715,0.084358166,0.000483293,
Kuwait,KWT,Mineral rents (% of GDP),NY.GDP.MINR.RT.ZS,,,,,,,,,,,0,0,0,0,0,0,0,0,0,0,0,0,0,0,0,0,0,0,0,0,0,0,0,0,0,0,0,0,0,0,0,0,0,0,0,0,0,0,0,0,0,0,0,0,0,0,0,0,0,0,0,,
Lao PDR,LAO,Mineral rents (% of GDP),NY.GDP.MINR.RT.ZS,,,,,,,,,,,,,,,,,,,,,,,,,0.106109285,0.063588246,0,0,0,0,0,0,0,0,0,0,0,0,0,0,0,0,0,0.840145131,0.790509951,3.140692766,9.845628504,8.895847215,7.619957148,6.315458642,10.44695305,10.32363681,8.461602223,9.345117941,3.976405255,2.74146706,1.686476277,2.360795682,2.272396972,1.683961423,1.230585913,3.889298445,
Lebanon,LBN,Mineral rents (% of GDP),NY.GDP.MINR.RT.ZS,,,,,,,,,,,,,,,,,,,,,,,,,,,,,0,0,0,0,0,0,0,0,0,0,0,0,0,0,0,0,0,0,0,0,0,0,0,0,0,0,0,0,0,0,0,0,0,0,
Liberia,LBR,Mineral rents (% of GDP),NY.GDP.MINR.RT.ZS,,,,,,,,,,,,,,,,,,,,,,,,,,,,,,,,,,,,,,,,,0.005858163,0.012715227,0.01176134,0.00352027,0.015467863,0.005550598,0.004385618,0.140960515,0.295025898,0.284975461,0.413568041,5.805338657,8.827013104,11.68269422,7.701697989,0.316280307,0.522159021,1.294841445,0,0,0,5.4351585,
Libya,LBY,Mineral rents (% of GDP),NY.GDP.MINR.RT.ZS,,,,,,,,,,,,,,,,,,,,,,,,,,,,,,,0,0,0,0,0,0,0,0,0,0,0,0,0,0,0,0,0,0,0,0,0,0,0,0,0,0,0,0,0,0,0,0,
St. Lucia,LCA,Mineral rents (% of GDP),NY.GDP.MINR.RT.ZS,,,,,,,,,,,,,,,,,,,,,0,0,0,0,0,0,0,0,0,0,0,0,0,0,0,0,0,0,0,0,0,0,0,0,0,0,0,0,0,0,0,0,0,0,0,0,0,0,0,0,0,0,
Liechtenstein,LIE,Mineral rents (% of GDP),NY.GDP.MINR.RT.ZS,,,,,,,,,,,0,0,0,0,0,0,0,0,0,0,0,0,0,0,0,0,0,0,0,0,0,0,0,0,0,0,0,0,0,0,0,0,0,0,0,0,0,0,0,0,0,0,0,0,0,0,0,0,0,0,0,,
Sri Lanka,LKA,Mineral rents (% of GDP),NY.GDP.MINR.RT.ZS,,,,,,,,,,,0,0,0,0,0,0,0,0,0,0,0.002261005,0.003174263,0.001849072,0.001113108,0,0.000295691,0,0,0,0,0,0,0,0,0,0,0,0,0,0,0,0,0,0,0,0,0.001244272,0.002480299,0.020658669,0.017457922,0.005559604,0.009368905,0.009515695,0.004885399,0.00436453,0.003809008,0.002359012,0.001711693,0.001790737,0,0,0,
Lesotho,LSO,Mineral rents (% of GDP),NY.GDP.MINR.RT.ZS,,,,,,,,,,,0,0,0,0,0,0,0,0,0,0,0,0,0,0,0,0,0,0,0,0,0,0,0,0,0,0,0,0,0,0,0,0,0,0,0,0,0,0,0,0,0,0,0,0,0,0,0,0,0,0,0,0,
Lithuania,LTU,Mineral rents (% of GDP),NY.GDP.MINR.RT.ZS,,,,,,,,,,,,,,,,,,,,,,,,,,,,,,,,,,,,0,0,0,0,0,0,0,0,0,0,0,0,0,0,0,0,0,0,0,0,0,0,0,0,0,0,0,
Luxembourg,LUX,Mineral rents (% of GDP),NY.GDP.MINR.RT.ZS,,,,,,,,,,,0,0,0,0,0,0,0.254797544,0.124024349,0,0,0,0,0,0,0,0,0,0,0,0,0,0,0,0,0,0,0,0,0,0,0,0,0,0,0,0,0.009239217,0.018411284,0.161857408,0.152487611,0.055446855,0.096442548,0.110975457,0.055927091,0.03947079,0,0,0,0,0,0,0,
Latvia,LVA,Mineral rents (% of GDP),NY.GDP.MINR.RT.ZS,,,,,,,,,,,,,,,,,,,,,,,,,,,,,,,,,,,,0,0,0,0,0,0,0,0,0,0,0,0,0,0,0,0,0,0,0,0,0,0,0,0,0,0,0,
"Macao SAR, China",MAC,Mineral rents (% of GDP),NY.GDP.MINR.RT.ZS,,,,,,,,,,,,,,,,,,,,,,,0,0,0,0,0,0,0,0,0,0,0,0,0,0,0,0,0,0,0,0,0,0,0,0,0,0,0,0,0,0,0,0,0,0,0,0,0,0,0,0,
St. Martin (French part),MAF,Mineral rents (% of GDP),NY.GDP.MINR.RT.ZS,,,,,,,,,,,,,,,,,,,,,,,,,,,,,,,,,,,,,,,,,,,,,,,,,,,,0,,,0,,,,,,,,
Morocco,MAR,Mineral rents (% of GDP),NY.GDP.MINR.RT.ZS,,,,,,,,,,,0.469069078,0.274139951,0.076805328,0.410435944,10.02551759,7.47273071,2.856560308,6.577338927,1.260383199,1.640672833,1.559957052,2.294720949,1.733858489,1.799976756,1.278876031,1.869598745,0.682012816,0.162786944,2.213209777,0.128465269,0.089456921,0.077828941,0.090472635,0.070781442,0.185768008,0.17824018,0.104297263,0.129646551,0.048733028,0.065752131,0.126939155,0.003162631,0.003843663,0.03898346,0.403156829,0.585332085,0.998985067,1.33571239,5.80519549,3.853150083,5.297731081,7.204782495,6.213043295,4.332823401,3.23580085,2.331996071,2.686772418,3.055009729,2.283476756,0.155579804,0.147539736,0.26590798,
Monaco,MCO,Mineral rents (% of GDP),NY.GDP.MINR.RT.ZS,,,,,,,,,,,0,0,0,0,0,0,0,0,0,0,0,0,0,0,0,0,0,0,0,0,0,0,0,0,0,0,0,0,0,0,0,0,0,0,0,0,0,0,0,0,0,0,0,0,0,0,0,0,0,0,0,0,
Moldova,MDA,Mineral rents (% of GDP),NY.GDP.MINR.RT.ZS,,,,,,,,,,,,,,,,,,,,,,,,,,,,,,,,,,,,0,0,0,0,0,0,0,0,0,0,0,0,0,0,0,0,0,0,0,0,0,0,0,0,0,0,0,
Madagascar,MDG,Mineral rents (% of GDP),NY.GDP.MINR.RT.ZS,,,,,,,,,,,0,0,0,0,5.32E-05,1.26E-05,0,0,0,0.00029991,0.000888505,0.000142533,0.000271023,0.000386068,0.000322758,0.000306176,0.000314013,0.006399578,0.0119627,0.004821311,0.002241791,0.004993124,0,0,0,0.001384673,0.00364054,0.000410054,0.000474763,0.000232775,0.000221204,0,0,0,0.00099617,0.000332965,0.002557706,7.30E-05,0.003804376,0.001699704,0.120966459,0.320174108,0.289984667,0.540283266,0,0,0,0,0.340463533,0,0,0,
Maldives,MDV,Mineral rents (% of GDP),NY.GDP.MINR.RT.ZS,,,,,,,,,,,,,,,,,,,,,0,0,0,0,0,0,0,0,0,0,0,0,0,0,0,0,0,0,0,0,0,0,0,0,0,0,0,0,0,0,0,0,0,0,0,0,0,0,0,0,0,0,
Mexico,MEX,Mineral rents (% of GDP),NY.GDP.MINR.RT.ZS,,,,,,,,,,,0.337809475,0.228355441,0.253925904,0.549470447,0.675057995,0.227195717,0.259089444,0.239106424,0.152211013,0.446368369,0.540401671,0.219722079,0.360885321,0.590488976,0.419145345,0.327940617,0.183109989,0.321954337,1.310366747,1.043117999,0.625882923,0.138715344,0.10769362,0.045493367,0.082197598,0.259430267,0.185948298,0.136301412,0.113594941,0.083985141,0.068965945,0.045057908,0.047207973,0.053575054,0.131562168,0.194879673,0.349434676,0.396355352,0.333187526,0.307378175,0.502379058,0.872067632,0.795322265,0.590375429,0.414931244,0.363917082,0.477374396,0.555632856,0.423822774,0.274036356,0.464219555,1.364659373,
Marshall Islands,MHL,Mineral rents (% of GDP),NY.GDP.MINR.RT.ZS,,,,,,,,,,,,,,,,,,,,,,0,0,0,0,0,0,0,0,0,0,0,0,0,0,0,0,0,0,0,0,0,0,0,0,0,0,0,0,0,0,0,0,0,0,0,0,0,0,0,0,0,
North Macedonia,MKD,Mineral rents (% of GDP),NY.GDP.MINR.RT.ZS,,,,,,,,,,,,,,,,,,,,,,,,,,,,,,,0,0,0.725321962,0.36655359,0.210084763,0.247116719,0.157916418,0.326832652,0.131510433,0.12882347,0.158868722,0.064432485,0.085905886,0.097050471,0.331313831,0.299505894,2.026733881,5.394966515,0.749312777,0.629880939,1.32172183,1.124639484,0.972109483,0.979556097,1.040022684,0.752026697,0.710173023,0.646476737,0.268623617,0,0,0,
Mali,MLI,Mineral rents (% of GDP),NY.GDP.MINR.RT.ZS,,,,,,,,,,,0,0,0,0,0,0,0,0,0.000720343,0.006327852,0.209359806,0.243998706,0.15078216,0.207037154,0.197631486,0.128383709,0.112763089,0.096351407,0.114250399,0.10879743,0.27424179,0.382994079,0.646494523,0.77399388,1.410312221,0.403068227,0.559092277,1.322596321,1.226305233,0.857007658,1.985977693,2.464184428,3.72155381,1.271539779,0.876718795,0,4.849975171,4.752085488,3.778191159,5.566535035,5.059569705,6.395870968,9.074488741,5.445082306,3.930763705,3.699632212,5.322714706,4.397944762,5.380534485,5.690409497,7.157458878,16.18331546,
Malta,MLT,Mineral rents (% of GDP),NY.GDP.MINR.RT.ZS,,,,,,,,,,,0,0,0,0,0,0,0,0,0,0,0,0,0,0,0,0,0,0,0,0,0,0,0,0,0,0,0,0,0,0,0,0,0,0,0,0,0,0,0,0,0,0,0,0,0,0,0,0,0,0,0,0,
Myanmar,MMR,Mineral rents (% of GDP),NY.GDP.MINR.RT.ZS,,,,,,,,,,,0.257288113,0.179314913,0.315304247,0.865925087,0.704699102,0.234958303,0.182114243,0.476071513,0.724469518,1.180844408,1.770921093,0.795773014,0.723279142,0.609129208,0.765167485,0.83053188,0,0.032534772,3.485030881,0.145381994,0.064954527,0.229662561,0.169814786,0.072111322,0.117651545,0.182096422,0.074879657,0.058469241,0.075285709,0.193560297,0.210015668,0.157996864,0.167467305,0.171509031,0.380102975,0.547781795,0.789794092,0.558920259,0.17372857,0.058831568,0.25833899,0.470504518,0.23105101,0.517429829,0.798589734,0.359737628,0.652374911,1.10184605,1.215056833,0.682240313,0.513919542,2.000484852,
Montenegro,MNE,Mineral rents (% of GDP),NY.GDP.MINR.RT.ZS,,,,,,,,,,,,,,,,,,,,,,,,,,,,,,,,,,,,,,,,,0,0,0,0.074403617,0.255159493,0.345152197,0.430058074,0.395007296,0.204894765,0.015667009,0.039472838,0.17224262,0.153929237,0.112537712,0.237631898,0.168260845,0.355624136,0.772976189,0.198519968,0.04790964,0.014537266,0.01356009,
Mongolia,MNG,Mineral rents (% of GDP),NY.GDP.MINR.RT.ZS,,,,,,,,,,,,,,,,,,,,,,2.121899315,1.685094356,2.095450284,2.453599999,2.793727788,1.077942668,2.233253221,5.282459009,5.370165128,6.510558465,2.863009059,4.496790449,5.277227638,9.558054822,10.17301393,4.459605464,6.123108885,1.579785425,1.636603201,3.035103818,2.0519803,2.198675749,2.469129273,9.394852791,11.35985761,23.14501838,21.29632192,15.53312844,10.87093376,14.37671797,14.05468634,9.88964892,9.847217594,7.175260108,5.553529886,3.98730978,7.271198902,9.611052313,6.5872647,8.256657523,26.5731454,
Northern Mariana Islands,MNP,Mineral rents (% of GDP),NY.GDP.MINR.RT.ZS,,,,,,,,,,,,,,,,,,,,,,,,,,,,,,,,,,,,,,,,,,,0,0,0,0,0,0,0,0,0,0,0,0,0,0,0,0,0,0,,,
Mozambique,MOZ,Mineral rents (% of GDP),NY.GDP.MINR.RT.ZS,,,,,,,,,,,,,,,,,,,,,,,,,,,,,,,,0.04903773,0.041003063,0.023605547,0.062317886,0.015009327,0.003611522,0.001961241,0.001394722,0.001159568,0.001792256,0.001797014,0.001260324,0.001763814,0.001721113,0.002729982,0.007191916,0.007578988,0.019968527,0.041670196,0.013106932,0.017252275,0.02169636,0.015663392,0.01198436,0.012473993,0.227730754,0.151088772,0.030817351,0.026696759,0.042254033,0.140484013,
Mauritania,MRT,Mineral rents (% of GDP),NY.GDP.MINR.RT.ZS,,,,,,,,,,,10.27134174,9.440730149,9.760651304,11.06314414,11.90644299,7.54389843,12.07726086,9.986626595,5.493940877,7.119829569,8.070962306,7.245276219,9.31477452,6.07591971,7.424578922,8.398429161,6.096130603,4.272409234,3.450115586,5.769037889,7.138299522,0,0.097307428,0.25336942,0.423184713,0.079965976,0.031832046,0,1.447831199,0.365416563,0,2.917138655,3.415534568,0,4.58471569,13.72213362,9.435044161,22.19562637,24.83415088,12.12911217,24.82311691,21.62408903,15.06780557,11.75553383,8.17236803,2.301120302,4.301372148,5.09937446,0.37515867,0.604821747,0.608689097,9.585035771,
Mauritius,MUS,Mineral rents (% of GDP),NY.GDP.MINR.RT.ZS,,,,,,,,,,,,,,,,,0,0,0,0,0,0,0,0,0,0,0,0,0,0,0,0,0,0,0,0,0,0,0,0,0,0,0,0,0,0,0,0,0,0,0,0,0,0,0,0,0,0,0,0,0,0,
Malawi,MWI,Mineral rents (% of GDP),NY.GDP.MINR.RT.ZS,,,,,,,,,,,0,0,0,0,0,0,0,0,0,0,0,0,0,0,0,0,0,0,0,0,0,0,0,0,0,0,0,0,0,0,0,0,0,0,0,0,0,0,0,0,0,0,0.030217119,0.018409364,0.011943312,0.013294844,0.004702715,0.006471162,0.00107961,0.00171856,0.003019323,0.005645915,
Malaysia,MYS,Mineral rents (% of GDP),NY.GDP.MINR.RT.ZS,,,,,,,,,,,0.360076596,0.205894005,0.167067939,0.109739668,0.861803097,0.169131922,0.33595621,1.240932153,1.310793447,1.465791165,1.400629907,0.652731896,0.355507395,0.346152029,0.245597555,0.182451518,0.18087395,0.193763353,0.228330403,0.223917414,0.189558273,0.084208165,0.06061042,0.034364511,0.046236812,0.047094612,0.026194598,0.026991887,0.02686874,0.017102914,0.0117605,0.012576696,0.014626369,0.017756141,0.016595446,0.03373909,0.030913249,0.052471286,0.061860011,0.046400077,0.166394103,0.334980851,0.296232031,0.301260579,0.147506879,0.15227827,0.026543896,0.06169056,0.006014738,0,0,0,
Namibia,NAM,Mineral rents (% of GDP),NY.GDP.MINR.RT.ZS,,,,,,,,,,,,,,,,,,,,,5.93590852,3.978048896,2.319933793,2.041379069,3.210699242,4.280681062,0.88730779,1.940637998,39.66755384,31.54900573,10.20247707,0.878309619,0.283057296,0.163799517,0.21932144,0.305952434,0.117946144,0.43060309,0.225741969,0.227847055,0.235658119,0.252359665,0.117987409,0.350172068,0.321996874,0.754895325,2.293092022,5.307373566,1.52185081,1.182378502,1.902743942,1.585602873,1.175658768,0.564326041,0.947612048,1.003392875,1.63512832,2.575153237,0.772592098,0.814900879,1.03656407,3.167916374,
New Caledonia,NCL,Mineral rents (% of GDP),NY.GDP.MINR.RT.ZS,,,,,,,,,,,26.34454314,23.15304405,12.303057,10.21871419,6.551067251,10.64337505,14.95639808,11.53729206,0,3.481535107,3.191550723,0,0,0,0,0,0,0,20.38623402,25.89379266,3.877881611,15.42964753,8.104095749,4.560218105,6.654088509,12.64961022,9.596103163,9.815785889,0.413552372,1.857882361,12.08321161,3.749305278,4.504204521,8.197295227,11.70243701,8.134332578,18.29137963,35.25183842,2.599068671,0,5.283302928,4.119495008,0,0,0,0,0,0,0.957748359,0,0,16.77953772,
Niger,NER,Mineral rents (% of GDP),NY.GDP.MINR.RT.ZS,,,,,,,,,,,0.005114155,0,0,0.003771885,0.026966061,0.008203249,0.014047473,0.032685286,0.029445402,0.032774644,0.029450451,0.021932204,0.018377312,0.022804032,0.121562824,0.020469037,0,0,0,0,0,0,0,0,0,0.006073978,0,0.095404178,0.0658848,0.00103001,0.002283942,0.002476056,0.00261251,0.001163714,0.022942834,0.220849423,0.299794984,0.373375851,0.259876598,0.259600589,0.308153599,0.453708188,0.343742843,0.146524134,0.071946469,0.100901481,0.098960109,0.074466511,0.42203937,0.088770306,0.208663521,0.830100168,
Nigeria,NGA,Mineral rents (% of GDP),NY.GDP.MINR.RT.ZS,,,,,,,,,,,0.02145935,0.000269085,0.000347624,0.000820455,0.019602325,0.018423224,0.019982996,0.090301225,0.100226769,0.111360058,0.027964639,0.005256719,0.00419903,0.005531161,0.003900649,0.003224475,7.35E-06,3.72E-05,0,0,0,0,0,0,0,1.59E-05,4.22E-05,2.41E-05,3.19E-05,8.39E-05,0.000153346,0.000272515,0.000276344,6.29E-05,2.79E-05,0.001288025,0.001453492,0.006176022,0.003175385,0.006732626,0.01701116,0.018094474,0.020800032,0.021751035,0.005365479,0.001233168,0.003816039,0.017104303,0.013979891,0.00519322,0.004996593,0.008008318,
Nicaragua,NIC,Mineral rents (% of GDP),NY.GDP.MINR.RT.ZS,,,,,,,,,,,0.435939149,0.374523883,0.410995253,1.32623685,1.210422572,0.264245883,0.253960826,0.095728829,0.013003111,0.320677668,1.084756657,0.560198724,0.30511407,0.329902286,0.108727112,0.082860899,0.105508729,0.126531698,0.161126367,0.272502458,0.261920333,0.289276735,0.242321451,0.207528643,0.002559253,0.003147507,0.035744749,0.002411423,0.003223535,0.100222542,0.137652458,0.00116072,0.054246,0.001611624,0.216976192,0.13677097,0.270117465,0.302781529,0.083186023,0.091476831,1.819884903,3.29036423,2.96560849,2.85461444,1.803863957,0.402227512,0.904944489,0.872480148,0.701478407,0.045393575,0.049865315,2.680317758,
Netherlands,NLD,Mineral rents (% of GDP),NY.GDP.MINR.RT.ZS,,,,,,,,,,,0,0,0,0.011327066,0.041739622,0.001896295,0.00052515,0,0,0,0,0,0,0,0,0,0,0,0,0,0,0,0,0,0,0,0,0,0,0,0,0,0,0,0,0,0,0,0,0,0,0,0,0,0,0,0,0,0,0,0,0,
Norway,NOR,Mineral rents (% of GDP),NY.GDP.MINR.RT.ZS,,,,,,,,,,,0.164609485,0.110691398,0.095741589,0.204043968,0.179834146,0.054764669,0.097165561,0.060081321,0.03328779,0.060698728,0.053297365,0.031760486,0.036727761,0.02916514,0.01616441,0.014532879,0.007240131,0.013325757,0.040763818,0.03890539,0.027805348,0.028925752,0.042490464,0.025229721,0.017097563,0.014271255,0.007700847,0.005771145,0.004695114,0.002906618,0.002741254,0.001513143,0.00116998,0.000502605,0.000790857,0.004356604,0.004898317,0.010711506,0.029751634,0.009567001,0.065653546,0.065794869,0.039475919,0.040594942,0.025955915,0.011465559,0,0,0,0,0,0,
Nepal,NPL,Mineral rents (% of GDP),NY.GDP.MINR.RT.ZS,,,,,,,,,,,0,0,0,0,0.094538945,0,0,1.034875601,1.081464371,1.580340083,1.445373484,0.365879238,0.179660197,0.627780477,0.192764463,0,0,0,0,0,0,0,0,0,0,0,0,0,0,0,0,0,0,0,0,0,0,0,0,0,0,0,0,0,0,0,0.000142212,0,0,0,0,0,
Nauru,NRU,Mineral rents (% of GDP),NY.GDP.MINR.RT.ZS,,,,,,,,,,,,,,,,,,,,,,,,,,,,,,,,,,,,,,,,,,,,,,,,,,,0,0,0,0,0,0,0,0,0,0,0,0,
New Zealand,NZL,Mineral rents (% of GDP),NY.GDP.MINR.RT.ZS,,,,,,,,,,,,0.010903214,0.031776893,0.048460884,0.081038266,0.125726474,0.186667997,0.15331205,0.141397392,0.151642612,0.20729975,0.166550003,0.176161534,0.118323629,0.130797831,0.139215076,0.119946751,0.081924397,0.08176185,0.116659896,0.091343139,0.056995322,0.069359561,0.062634295,0.057260396,0.063759543,0.043615265,0.034645022,0.090048515,0.078940313,0.07836799,0.066338002,0.063023344,0.051312598,0.055268073,0.094529782,0.148426348,0.098884752,0.216284801,0.175545636,0.409243997,0.377749139,0.188173722,0.255720128,0.185891579,0.13143114,0.097435278,0.114124952,0.07091826,0.042631627,0.038956106,0.096181142,
Oman,OMN,Mineral rents (% of GDP),NY.GDP.MINR.RT.ZS,,,,,,,,,,,0,0,0,0,0,0,0,0,0,0,0,0,0,0.084257601,0.073254407,0.079007732,0.100528323,0.21518202,0.341589486,0.27571173,0.154809547,0.053560341,0.105726138,0.047200933,0.037089073,0,0,0.010127031,0.004117148,0.000365958,0.000155386,1.85E-05,0.000402913,0,0.005691903,0.009340137,0.006550774,0.004608014,0.001376415,0.000903168,0.01504573,0.158404928,0.10528145,0.049002446,0.051855981,0.020762556,0.001210576,6.05E-05,0,0,0,0,
Pakistan,PAK,Mineral rents (% of GDP),NY.GDP.MINR.RT.ZS,,,,,,,,,,,8.31E-05,2.56E-05,9.41E-06,1.39E-05,8.43E-05,6.15E-05,0,0.00016462,0,0.000120377,0,0,0.000321438,0.000314932,0.000287753,0.000263207,0.000240725,0.000185476,0.000162531,0.000129944,0.000193009,0,0,0,0,0.00902476,0.003255828,0.000236151,0.000280855,0.001125589,0.000907732,0.000617452,0.000203993,0.00284709,0.018778757,0.026983203,0.063706116,0.068544569,0.060180422,0.039466404,0.083804849,0.084628083,0.058632358,0.035032292,0.023644914,0.014641731,0.016159588,0.031041164,0.035432565,0.039915884,0.033987661,0.068735717,
Panama,PAN,Mineral rents (% of GDP),NY.GDP.MINR.RT.ZS,,,,,,,,,,,0,0,0,0,0,0,0,0,0,0,0,0,0,0,0,0,0,0,0,0,0,0,0,0,0,0,0.000437663,0.000660971,0.013567038,0.018791101,0.023659223,0.009541277,0.018215437,0.035719456,0.062094948,0,0,0,0,0.048065668,0.065384326,0.140996354,0.152385823,0.083276735,0.071420189,0.030024518,0.009260583,0.007784051,0,0.233373967,0.414631792,3.578637666,
Peru,PER,Mineral rents (% of GDP),NY.GDP.MINR.RT.ZS,,,,,,,,,,,3.326218375,1.954946534,1.843562413,4.510766938,4.810485143,1.300969334,1.644917999,1.617003222,1.525851261,3.155036607,4.709334671,1.246839973,2.193308774,2.978600737,3.054030969,3.355681937,1.043589104,1.994408985,12.26366385,11.86077881,5.800762362,1.935661715,1.301940417,0.599117109,1.717499802,1.975141793,1.448640141,1.444848388,0.573187967,0.929461604,1.316643114,0.610589038,0.785423836,1.74229444,4.981510805,6.277933317,11.73085724,12.60762834,10.19075917,7.93313938,10.02965515,11.06713108,8.51955189,6.266992817,4.260134906,3.238110851,3.933009382,5.396643829,5.21656664,1.790316041,3.560251913,12.09636028,
Philippines,PHL,Mineral rents (% of GDP),NY.GDP.MINR.RT.ZS,,,,,,,,,,,2.50851162,1.974007748,1.851498792,2.939885599,2.661695352,1.365880789,1.43015342,1.469291099,1.098074164,1.812791043,2.268131234,1.464629426,0.992192189,1.250879072,0.944821836,1.092863335,1.050339718,1.266599834,1.703093563,1.421135019,1.025993842,0.342084058,0.131424773,0.02742105,0.107017958,0.240408564,0.076216433,0.217802377,0.097168589,0.085454877,0.179542055,0.023220989,0.045091924,0.053575238,0.146691413,0.136607803,0.793818325,2.18636744,0.552207672,0.393378854,1.327601976,1.942304423,0.889194033,0.631186326,0.85464045,0.307300533,0.224446464,0.457178742,0.452207034,0.374179664,0.400797063,1.523477204,
Palau,PLW,Mineral rents (% of GDP),NY.GDP.MINR.RT.ZS,,,,,,,,,,,,,,,,,,,,,,,,,,,,,,,,,,,,,,,,,0,0,0,0,0,0,0,0,0,0,0,0,0,0,0,0,0,0,0,0,0,0,
Papua New Guinea,PNG,Mineral rents (% of GDP),NY.GDP.MINR.RT.ZS,,,,,,,,,,,0,0,14.32000513,24.88456274,27.61573794,16.7021792,15.83162708,14.61500033,14.76872156,17.94069263,19.74569202,16.79484738,14.57922143,16.2826398,12.35991793,17.74889813,16.05481245,19.67506473,21.72659713,20.24719875,18.6714113,14.25860089,11.89133812,7.335316077,8.489903397,11.99153131,4.98144246,1.256109385,4.065003519,3.421796618,6.701159738,3.206887739,6.341625336,7.287318734,14.26988119,13.81160481,14.99339226,12.40804124,12.75717405,11.35234376,19.3279075,18.1843025,9.76136635,5.675375953,3.673015792,1.806099321,4.792151141,5.739595851,6.054320214,3.105802997,3.032606129,14.41430202,
Poland,POL,Mineral rents (% of GDP),NY.GDP.MINR.RT.ZS,,,,,,,,,,,,,,,,,,,,,,,,,,,,,,,0.796933898,0.339024001,0.321865487,0.219887287,0.254267651,0.297396941,0.146520675,0.200037828,0.035403229,0.047639392,0.099951748,0.026728908,0.03984295,0.068706714,0.252318995,0.247813319,0.669973555,0.526459344,0.219832484,0.271224677,3.171984977,4.371248964,2.898733298,2.704313617,2.625023684,0.810079072,1.543430256,2.477575995,2.132401173,0.207981589,0.16296112,0.47847202,
Puerto Rico,PRI,Mineral rents (% of GDP),NY.GDP.MINR.RT.ZS,,,,,,,,,,,0,0,0,0,0,0,0,0,0,0,0,0,0,0,0,0,0,0,0,0,0,0,0,0,0,0,0,0,0,0,0,0,0,0,0,0,0,0,0,0,0,0,0,0,0,0,0,0,0,0,0,0,
"Korea, Dem. People's Rep.",PRK,Mineral rents (% of GDP),NY.GDP.MINR.RT.ZS,,,,,,,,,,,,,,,,,,,,,,,,,,,,,,,,,,,,,,,,,,,,,,,,,,,,,,,,,,,,,,,
Portugal,PRT,Mineral rents (% of GDP),NY.GDP.MINR.RT.ZS,,,,,,,,,,,0.039951736,0.020804688,0.014021042,0.027403686,0.026637936,0.00266172,0.005218026,0.005846829,0.004668868,0.013121361,0.022048767,0.009708601,0.005754517,0.007054073,0.005324085,0.003390585,0.002669274,0.003413858,0.007911514,0.136499007,0.107605595,0.168816819,0.090668772,0.056212611,0.108061506,0.137154226,0.033739948,0.032535691,0.002152585,0.00011386,9.30E-05,6.28E-05,0.003059219,0.001895301,0.063184105,0.078379682,0.17393927,0.152062903,0.099533474,0.000133899,0.083173386,0.054762069,0.071115049,0.019072036,0.0083293,0.000847836,2.17E-05,0.036673629,0.064797536,0.078803094,0.080848988,0.148671649,
Paraguay,PRY,Mineral rents (% of GDP),NY.GDP.MINR.RT.ZS,,,,,,,,,,,0,0,0,0,0,0,0,0,0,0,0,0,0,0,0,0,0,0,0,0,0,0,0,0,0,0,0,0,0,0,0,0,0,0,0,0,0,0,0,0,0,0,0,0,0,0,0,0,0,0,0,0,
West Bank and Gaza,PSE,Mineral rents (% of GDP),NY.GDP.MINR.RT.ZS,,,,,,,,,,,,,,,,,,,,,,,,,,,,,,,,,,,0,0,0,0,0,0,0,0,0,0,0,0,0,0,0,0,0,0,0,0,0,0,0,0,0,0,0,0,
French Polynesia,PYF,Mineral rents (% of GDP),NY.GDP.MINR.RT.ZS,,,,,,,,,,,0,0,0,0,0,0,0,0,0,0,0,0,0,0,0,0,0,0,0,0,0,0,0,0,0,0,0,0,0,0,0,0,0,0,0,0,0,0,0,0,0,0,0,0,0,0,0,0,0,0,0,0,
Qatar,QAT,Mineral rents (% of GDP),NY.GDP.MINR.RT.ZS,,,,,,,,,,,0,0,0,0,0,0,0,0,0,0,0,0,0,0,0,0,0,0,0,0,0,0,0,0,0,0,0,0,0,0,0,0,0,0,0,0,0,0,0,0,0,0,0,0,0,0,0,0,0,0,0,0,
Romania,ROU,Mineral rents (% of GDP),NY.GDP.MINR.RT.ZS,,,,,,,,,,,,,,,,,,,,,,,,,,,,0.170503998,0.244047018,0.29910564,0.191097643,0.139815007,0.303363748,0.205075593,0.198998852,0.155123724,0.101382831,0.085608744,0.030740036,0.031247816,0.033510463,0.022095746,0.025130471,0.029629558,0.046298731,0.031811598,0.056564648,0.009085482,0.003392411,0.009856359,0.136427209,0.188408064,0.130509424,0.115814525,0.096666975,0.032371505,0.052768828,0.080072375,0.069767567,0.01158792,0.012406568,0.034819682,
Russian Federation,RUS,Mineral rents (% of GDP),NY.GDP.MINR.RT.ZS,,,,,,,,,,,,,,,,,,,,,,,,,,,,,0,0,0,0,1.025406918,0.606770197,0.613085443,0.603209971,0.442208693,0.299310892,0.615242919,1.040956276,0.83385734,0.483078548,0.496310314,0.361866934,0.380227521,0.562873174,0.953377681,1.356782704,0.909958056,0.741364005,1.139387743,1.088412036,0.831686056,0.653521828,0.582569508,0.717891675,0.82647752,0.693510922,0.733408264,0.76136993,0.997039547,2.053971969,
Rwanda,RWA,Mineral rents (% of GDP),NY.GDP.MINR.RT.ZS,,,,,,,,,,,0.196494188,0,0,0.171885943,1.166190666,0.195562021,0.328265913,0.848020667,0.807606497,0.875711648,0.966899626,0.462073848,0.320785905,0.321566516,0.248299644,0.137669641,0.001053107,0.00214434,0.002654603,0.076393854,0.060478552,0.14877361,0,0,0,0.002811093,0.000259773,0.001180119,0.001488268,0.000577415,0.000990537,0.001028263,0.001321179,0.000616043,0.000265502,0.000665316,0.002737279,0.106579378,0.257801511,0.081643832,0.575061115,1.064608985,0.379260108,0.401065766,0.41644924,0.073638406,0.137894678,0.258148478,0.184126157,0,0,0,
Saudi Arabia,SAU,Mineral rents (% of GDP),NY.GDP.MINR.RT.ZS,,,,,,,,,,,0,0,0,0,0,0,0,0,0,0,0,0,0,0,0,0,0,0,0,0.010332693,0.009388159,0.014011211,0.01751422,0.024165249,0.030624843,0.024251973,0.019955793,0.012948483,0.002414137,0.000332384,0.000106455,1.53E-05,0.000963821,3.46E-05,0.022222616,0.017881424,0.019620566,0.018455038,0.017937172,0.023816431,0.047365535,0.054678949,0.09279013,0.06346643,0.05077833,0.055085655,0.045006031,0.064556443,0.07839638,0.04272335,0.06064804,0.16220219,
Sudan,SDN,Mineral rents (% of GDP),NY.GDP.MINR.RT.ZS,,,,,,,,,,,0.002060754,0,0,0,0.000110978,9.21E-06,0,0,0,0.000258762,0.001161682,0.000609522,0.000623779,0.001172462,0.001890438,0.001691098,0.001691066,0.003612946,0.008848929,0.005862165,0.000654943,0.000462825,0,0,0,0.037416877,0.179183167,0.085183983,0.087788286,0.064858483,0.096474081,0.069718846,0.075109568,0.031065569,0.023850371,0.020286137,0.038484649,0.063972776,0.094504311,0.245947626,0.449732787,0.629015262,1.417493397,1.387077511,1.025523087,0.778094847,0.937478743,0.701729141,0.048126752,2.660392544,4.044690811,6.634048676,
Senegal,SEN,Mineral rents (% of GDP),NY.GDP.MINR.RT.ZS,,,,,,,,,,,0,0,0,0,3.21866572,3.078591097,0.938017941,2.497408286,0.273792585,0.248491598,0.405753945,0.790372771,0.285480959,0.329816525,0.184314418,0.307848927,0.074990217,0,0,0,0,0,0,0,0,0,0,0.019892199,0.014723699,0.01038409,0.018732296,0.017080647,0.020377685,0.008257983,0.040296588,0.07364528,0.097996669,0.150609845,0.822161359,1.566658651,0.89892344,1.493422961,2.38937168,1.025396356,0.690773729,0.752489603,1.315325057,0.754693543,1.172958856,1.194460588,1.268404182,2.895663282,
Singapore,SGP,Mineral rents (% of GDP),NY.GDP.MINR.RT.ZS,,,,,,,,,,,0,0,0,0,0,0,0,0,0,0,0,0,0,0,0,0,0,0,0,0,0,0,0,0,0,0,0,0,0,0,0,0,0,0,0,0,0,0,0,0,0,0,0,0,0,0,0,0,0,0,0,0,
Solomon Islands,SLB,Mineral rents (% of GDP),NY.GDP.MINR.RT.ZS,,,,,,,,,,,,0,0,0,0,0,0,0,0,0.056651979,0.170615768,0.147051424,0.082914276,0.16639867,0.185151232,1.281890212,0.270530872,0.245204567,0.120099847,0.052265849,0.035888224,0.046748095,0.037339264,0.023976638,0,0.017480988,0.012221883,0.00921393,0.655764924,1.231547937,0.17224635,0.139387526,0.073275239,0.078590392,0.008088046,0.008227429,0.012753814,0,0,0.221742718,0.270417998,4.65780229,5.012562129,2.619522909,1.406116317,0.245768648,0.199332428,1.664476104,1.593034129,0,0,0,
Sierra Leone,SLE,Mineral rents (% of GDP),NY.GDP.MINR.RT.ZS,,,,,,,,,,,2.428579438,3.02760932,2.701026209,1.697412777,3.037014042,2.761082783,2.027399431,2.43356445,1.665553489,1.269697825,1.477097697,1.409405725,1.564725192,2.693457022,3.105878743,3.85474666,5.907841392,3.594103621,2.244928007,3.723820907,4.76319098,3.566080884,4.477035936,1.989656211,1.676255581,0,0.042185326,0.116604706,0.00388527,0,0,0,0,0,0.002351063,0.006264755,1.029278001,1.241590074,0.591933334,0.500636878,0.788592224,1.235208595,1.008302039,0.185586817,0.279602312,0.757071864,2.796254737,3.665859521,0.862157879,0.017579044,0.004185231,0.212781118,
El Salvador,SLV,Mineral rents (% of GDP),NY.GDP.MINR.RT.ZS,,,,,,,,,,,0,0,0,0,0.009425473,0.002803958,0.001125229,0.000338179,0.000910597,0.027614639,0.086762634,0.034303908,0.013840779,0.012463252,0.004406873,0,0,0,0,0,0,0,0,0,0,0,0,0.002859504,0.000893524,0.00092798,0,0,0,0,0,0,0,0,0,0,0,0,0,0,0,0,0,0,0,0,0,0,
San Marino,SMR,Mineral rents (% of GDP),NY.GDP.MINR.RT.ZS,,,,,,,,,,,,,,,,,,,,,,,,,,,,,,,,,,,,,,,,0,0,0,0,0,0,0,0,0,0,0,0,0,0,0,0,0,0,0,0,0,0,,
Somalia,SOM,Mineral rents (% of GDP),NY.GDP.MINR.RT.ZS,,,,,,,,,,,0,0,0,0,0,0,0,0,0,0,0,0,0,0,0,0,0,0,0,0,0,,,,,,,,,,,,,,,,,,,,,,,0,0,0,0,0,0,0,0,0,
Serbia,SRB,Mineral rents (% of GDP),NY.GDP.MINR.RT.ZS,,,,,,,,,,,,,,,,,,,,,,,,,,,,,,,,,,,,0,0,0,0,0,0,0,0,0.001559941,0.054718495,0.061691066,0.161620937,0.171042593,0.121665434,0.131144196,0.366597837,0.595011253,0.562233899,0.37787619,0.412148964,0.231885105,0.308150364,0.468949549,0.344671584,0.159566394,0.187023942,0.658642951,
South Sudan,SSD,Mineral rents (% of GDP),NY.GDP.MINR.RT.ZS,,,,,,,,,,,,,,,,,,,,,,,,,,,,,,,,,,,,,,,,,,,,,,,,,0,0,0,0,0,0.014085133,0.015183135,0.013326693,,,,,,,
Sao Tome and Principe,STP,Mineral rents (% of GDP),NY.GDP.MINR.RT.ZS,,,,,,,,,,,,,,,,,,,,,,,,,,,,,,,,,,,,,,,,,,0,0,0,0,0,0,0,0,0,0,0,0,0,0,0,0,0,0,0,0,0,
Suriname,SUR,Mineral rents (% of GDP),NY.GDP.MINR.RT.ZS,,,,,,,,,,,17.23831917,17.0865588,18.10177018,13.79549095,27.59310475,15.06598741,16.20872749,17.10319328,15.18332365,12.20830392,12.59287879,11.04950914,9.746275756,8.363010923,10.26333147,10.73910061,8.997028449,4.251711328,4.75221714,13.88136315,17.48907671,15.92899228,17.11319532,10.95175253,9.303223582,4.858127681,4.99641888,3.703148606,2.275881176,2.054726812,2.295709861,2.591582531,0.806549726,0.540561355,2.146062589,6.226651262,4.988915497,5.685593543,5.154107203,6.329603561,15.82680759,21.80876844,20.41158066,12.9649955,6.093268129,1.606884683,10.6215456,13.58637566,0,0,0,0,
Slovak Republic,SVK,Mineral rents (% of GDP),NY.GDP.MINR.RT.ZS,,,,,,,,,,,,,,,,,,,,,,,,,,,,,,,0,0,0,0.032158259,0.024835519,0.019646623,0.012915635,0.008059727,0.01819201,0.016578622,0.014050227,0.008333357,0.004675715,0.001989428,0.00403338,0.018305398,0.019389091,0.041882972,0.033889564,0.00171847,0.01626876,0.017562422,0.022479723,0.016668038,0.014299047,0.012349588,0.012975276,0.013603715,0.012193433,0.007162614,0.00872626,0.011739037,
Slovenia,SVN,Mineral rents (% of GDP),NY.GDP.MINR.RT.ZS,,,,,,,,,,,,,,,,,,,,,,,,,,,,,,,,,,,,0,0,0,0,0,0,0,0,0,0,0,0,0,0,0,0,0,0,0,0,0,0,0,0,0,0,0,
Sweden,SWE,Mineral rents (% of GDP),NY.GDP.MINR.RT.ZS,,,,,,,,,,,0.091320612,0.065278581,0.056611053,0.192579209,0.235592179,0.045876617,0.142868831,0.108384708,0.046034994,0.097000778,0.094590808,0.056836028,0.08156788,0.078847018,0.05037364,0.054730863,0.025950614,0.042625516,0.33937471,0.33255013,0.115857442,0.054610563,0.042418572,0.060939211,0.061375058,0.068072536,0.017570083,0.071950728,0.067223988,0.048492095,0.068212327,0.062248016,0.020725834,0.009510375,0.046493897,0.15956844,0.240919251,0.394740585,0.401410242,0.098422097,1.154547802,1.450767978,0.8449176,0.787563079,0.677202405,0.263522474,0.503239974,0.84454664,0.781670409,0.172177306,0.177397163,1.001253728,
Eswatini,SWZ,Mineral rents (% of GDP),NY.GDP.MINR.RT.ZS,,,,,,,,,,,6.732984837,5.709422364,4.157933227,2.428252852,2.769298559,4.240017982,6.286292543,4.19067398,2.349622457,0.521670805,0,0,0,0,0,0,0,0,0,0,0,0,0,0,0,0,0,0,0,0,0,0,0,0,0,0,0,0,0,0,0,0,1.418622914,1.650311527,0.460663457,0,0,0,0,0,0,0,
Sint Maarten (Dutch part),SXM,Mineral rents (% of GDP),NY.GDP.MINR.RT.ZS,,,,,,,,,,,,,,,,,,,,,,,,,,,,,,,,,,,,,,,,,,,,,,,,,,,,0,0,0,0,0,0,0,0,,,,
Seychelles,SYC,Mineral rents (% of GDP),NY.GDP.MINR.RT.ZS,,,,,,,,,,,0,0,0,0,0,0,0,0,0,0,0,0,0,0,0,0,0,0,0,0,0,0,0,0,0,0,0,0,0,0,0,0,0,0,0,0,0,0,0,0,0,0,0,0,0,0,0,0,0,0,0,0,
Syrian Arab Republic,SYR,Mineral rents (% of GDP),NY.GDP.MINR.RT.ZS,,,,,,,,,,,0,0,0,0,0.304933676,0.469265734,0,0.13349311,0,0,0,0,0,0,0,0,0,0,0,0,0,0,0,0,0,0,0,0,0,0,0,0,0,0,0,0,0,0.008247135,0.265093418,0.143078474,0.057490096,0.556730351,0.414808469,0.219422662,0.175729786,0.103648949,0,0.007901435,0.002374732,0,0,,
Turks and Caicos Islands,TCA,Mineral rents (% of GDP),NY.GDP.MINR.RT.ZS,,,,,,,,,,,,,,,,,,,,,,,,,,,,,,,,,,,,,,,,,,0,0,0,0,0,0,0,0,0,0,0,0,0,0,0,0,0,0,0,0,0,
Chad,TCD,Mineral rents (% of GDP),NY.GDP.MINR.RT.ZS,,,,,,,,,,,0,0,0,0,0,0,0,0,0,0,0,0,0,0,0,0,0,0,0,0,0,0,0,0,0,0,0,0,0,0,0,0,0,0,0,0.004401058,0.011010237,0.010791352,0.007851281,0.010349245,0.011630035,0.016908025,0,0.001402532,0.001064454,0.001022098,0.001424863,0,0,0,0,0,
Togo,TGO,Mineral rents (% of GDP),NY.GDP.MINR.RT.ZS,,,,,,,,,,,0,0,0,0,15.91894223,8.75643891,5.001640206,14.42729871,1.747675127,2.050596274,3.236996204,3.917212956,2.911729494,2.560061914,1.261257745,2.122517693,0.476582696,0,0,0,0,0,0,0,0,0,0,0,0,0,0,0,0,0,0.103163541,0.810493583,2.650031301,3.081341894,8.155927213,7.606687357,5.239267593,11.80295064,13.71317988,8.821569581,6.410434765,4.929828409,3.282046545,2.445850717,1.722515871,1.323332075,1.603641868,4.880592027,
Thailand,THA,Mineral rents (% of GDP),NY.GDP.MINR.RT.ZS,,,,,,,,,,,0.054002157,0.00319877,0.005069106,0.033652451,0.602330529,0.080132983,0.144894543,0.478576148,0.613661647,0.832518949,0.737790885,0.404095195,0.310513502,0.250660839,0.253727869,0.229910019,0.025134135,0.041741039,0.492231941,0.399336409,0.179166832,0.024365745,0.025826132,0.006259864,0.009698711,0.002290491,0.003577923,0.00324842,0.003120171,0.003674482,0.00208047,0.000846818,0.013766051,0.009879488,0.012964878,0.023104797,0.045651173,0.081804235,0.085386548,0.038736598,0.055879198,0.043854678,0.041572176,0.02726611,0.021554141,0.011357372,0.014780058,0.00021715,0.00013308,0,0,0,
Tajikistan,TJK,Mineral rents (% of GDP),NY.GDP.MINR.RT.ZS,,,,,,,,,,,,,,,,,,,,,,,,,,,,,,,0,0,0.28258534,0.147770871,0.171979901,0.411043636,0.418329672,0.456621726,0.225167353,0.476069262,0.633697728,0.443927574,0.684907219,0.550499944,0.408572669,0.30936593,0.51658979,0.495364203,0.437602477,0.45741367,1.442437731,1.769568521,1.471873972,1.152269073,1.300723355,1.331176917,2.74614586,3.205012991,3.71239504,3.708466987,3.731605907,7.093888015,
Turkmenistan,TKM,Mineral rents (% of GDP),NY.GDP.MINR.RT.ZS,,,,,,,,,,,,,,,,,,,,,,,,,,,,0,0,0,0,0,0,0,0,0,0,0,0,0,0,0,0,0,0,0,0,0,0,0,0,0,0,0,0,0,0,0,0,0,,,
Timor-Leste,TLS,Mineral rents (% of GDP),NY.GDP.MINR.RT.ZS,,,,,,,,,,,,,,,,,,,,,,,,,,,,,,,,,,,,,,,,,0,0,0,0,0,0,0,0,0,0,0,0,0,0,0,0,0,0,0,0,0,0,
Tonga,TON,Mineral rents (% of GDP),NY.GDP.MINR.RT.ZS,,,,,,,,,,,,,,,,0,0,0,0,0,0,0,0,0,0,0,0,0,0,0,0,0,0,0,0,0,0,0,0,0,0,0,0,0,0,0,0,0,0,0,0,0,0,0,0,0,0,0,0,0,0,0,
Trinidad and Tobago,TTO,Mineral rents (% of GDP),NY.GDP.MINR.RT.ZS,,,,,,,,,,,0,0,0,0,0,0,0,0,0,0,0,0,0,0,0,0,0,0,0,0,0,0,0,0,0,0,0,0,0,0,0,0,0,0,0,0,0,0,0,0,0,0,0,0,0,0,0,0,0,0,0,0,
Tunisia,TUN,Mineral rents (% of GDP),NY.GDP.MINR.RT.ZS,,,,,,,,,,,0.20634365,0.160880775,0.120108161,0.251731882,3.766312134,3.468504593,0.863322803,2.492080858,0.038698022,0.096283168,0.348128115,0.564724409,0.297354178,0.232731139,0.055918012,0.04631473,0.02105295,0.013093187,0.184874011,0.146030636,0.074186982,0.025388318,0.023374019,0.013188974,0.040870404,0.061028345,0.036061619,0.010230828,0.026728965,0.021289101,0.015704302,0.0089374,0.006877013,0.005127438,0.034415279,0.047179486,0.185988607,0.426057248,3.433416656,2.971242014,1.174950191,0.679250117,0.853462579,0.559353592,0.457421995,0.432793675,0.43699208,0.40374794,0.270935085,0,0,0,
Turkiye,TUR,Mineral rents (% of GDP),NY.GDP.MINR.RT.ZS,,,,,,,,,,,0.214782947,0.11860892,0.094805445,0.205143058,0.163568603,0.070419048,0.093900695,0.079447281,0.049947093,0.049773168,0.070913359,0.069549867,0.080021721,0.064370737,0.049232746,0.056640317,0.024910868,0.022591854,0.145595393,0.191837758,0.086486303,0.041707168,0.082886224,0.059720441,0.059259804,0.044739442,0.032148547,0.027411703,0.027666914,0.025313432,0.023870069,0.016172985,0.013025345,0.010337734,0.017471477,0.040269549,0.109189192,0.147316891,0.151035516,0.121603812,0.725044673,0.77789677,0.494959706,0.433052379,0.330649721,0.134852482,0.262367105,0.214531276,0.279763046,0.147280208,0.198781964,0.63423421,
Tuvalu,TUV,Mineral rents (% of GDP),NY.GDP.MINR.RT.ZS,,,,,,,,,,,,,,,,,,,,,,,,,,,,,,,0,0,0,0,0,0,0,0,0,0,0,0,0,0,0,0,0,0,0,0,0,0,0,0,0,0,0,0,0,0,0,0,
Tanzania,TZA,Mineral rents (% of GDP),NY.GDP.MINR.RT.ZS,,,,,,,,,,,,,,,,,,,,,,,,,,,,,0.004322172,0.006586968,0.084226369,0.315657255,0.295020449,0.292546933,0.300353051,0.008516065,0.017578211,0.006597392,0.006060515,0.046680569,0.243283022,0.67781769,0.969401662,1.347465499,0.969331099,0.778021361,1.184240806,0.984154935,0.109132621,0.738089737,1.593553123,3.173939772,2.620518643,1.950465827,1.24476582,1.152050776,1.462981065,1.229136969,0.811400866,1.022281361,1.236065908,4.027804138,
Uganda,UGA,Mineral rents (% of GDP),NY.GDP.MINR.RT.ZS,,,,,,,,,,,1.436184759,0.753570588,0.593972686,1.057040358,0.840367565,0.225499978,0.212956813,0.094833453,0.048062562,0.032318855,0.059357686,0.035603431,0,0,0,0,0,0,0,0,0,0,0,0,0,0,0,0,0.000211587,0.000103753,0.001851836,0,0.000126044,9.96E-05,0.022988262,0.035978665,0.087440469,0.083975893,0.088190275,0.00013388,0.002845011,0.000886812,0.001266074,0.135681718,0.102693443,0.074870425,0.107421791,0.048911167,0,0,0,0,
Ukraine,UKR,Mineral rents (% of GDP),NY.GDP.MINR.RT.ZS,,,,,,,,,,,,,,,,,,,,,,,,,,,,0,0,0,0,0,2.27180659,0.893615598,0.607874013,0.559076371,0.31500945,0.092032825,0.413046025,0,0,0.031734075,0,0,0.010927304,1.172011606,1.179107315,3.026094825,3.196620352,0.88950215,3.493780575,3.452226292,1.570423585,1.637375216,1.143410958,0.231122688,0.643001218,0.947895164,0.421159094,0.085357372,0.121359236,5.322830127,
Uruguay,URY,Mineral rents (% of GDP),NY.GDP.MINR.RT.ZS,,,,,,,,,,,0,0,0,0,0,0,0,0,0,0,0,0,0,0,0,0,0,0,0,0,0,0,0,0,0,0,0,0.031039495,0.007797091,0.014758473,0.01851145,0.00792617,0.024110699,0.04532308,0.103684077,0.127580845,0.166644402,0.138069164,0.100828008,0.112282516,0.094214432,0.102940115,0.09784191,0.062735446,0.040228903,0.025424009,0.024559457,0.020879572,0.007919167,0,0,0.012192293,
United States,USA,Mineral rents (% of GDP),NY.GDP.MINR.RT.ZS,,,,,,,,,,,0.173694534,0.098163897,0.09032751,0.174313838,0.284317992,0.191622331,0.116861669,0.152847605,0.064932009,0.1099632,0.121597553,0.091112976,0.046929707,0.050239123,0.030319233,0.0325718,0.022161998,0.033824956,0.10685503,0.052965117,0.047814588,0.028462259,0.039906837,0.036019034,0.04913974,0.059766979,0.042516906,0.035219069,0.025026697,0.020675117,0.013440109,0.007751297,0.005168458,0.010402016,0.019064264,0.02560539,0.063746456,0.070016306,0.11049653,0.073856709,0.16689632,0.238996865,0.163414793,0.120356944,0.088046732,0.036250318,0.038002223,0.041267742,0.03524484,0.018750106,0.021389523,0.101999501,
Uzbekistan,UZB,Mineral rents (% of GDP),NY.GDP.MINR.RT.ZS,,,,,,,,,,,,,,,,,,,,,,,,,,,,,,,0,0,1.625646245,1.473189051,1.696593092,0.300715396,0.193662009,0.220611711,0.063626475,0.077051479,0.164238516,0.108041839,0.24653775,0.315271453,1.020153159,0.909829761,4.214653311,4.37341581,5.299746006,5.133200062,5.938444847,7.691980037,6.587696328,4.514699436,3.507044731,3.134946924,4.226225676,7.223196842,9.038785041,4.92871809,6.590470111,8.502420869,
St. Vincent and the Grenadines,VCT,Mineral rents (% of GDP),NY.GDP.MINR.RT.ZS,,,,,,,,,,,0,0,0,0,0,0,0,0,0,0,0,0,0,0,0,0,0,0,0,0,0,0,0,0,0,0,0,0,0,0,0,0,0,0,0,0,0,0,0,0,0,0,0,0,0,0,0,0,0,0,0,0,
"Venezuela, RB",VEN,Mineral rents (% of GDP),NY.GDP.MINR.RT.ZS,,,,,,,,,,,0.592570232,0.502264923,0.389479271,0.334974354,0.36800958,0.49096196,0.511806994,0.343202569,0.232729233,0.238397274,0.273438823,0.233056502,0.224041876,0.157861155,0.208981166,0.232767823,0.214802384,0.250671765,0.1902512,0.353652819,0.455037135,0.45211679,0.333404546,0.244096359,0.289059756,0.158588176,0.280750214,0.175195451,0.175817167,0.067763658,0.079104928,0.084767304,0.147595356,0.262179152,0.250350754,0.689719724,0.729497875,0.96268791,0.771169403,0.222148531,0.404512916,0.680305862,0.279954669,0.235548639,0.105295258,,,,,,,,
British Virgin Islands,VGB,Mineral rents (% of GDP),NY.GDP.MINR.RT.ZS,,,,,,,,,,,,,,,,,,,,,,,,,,,,,,,,,,,,,,,,,,,,,,,,,,,,,,,,,,,,,,,
Virgin Islands (U.S.),VIR,Mineral rents (% of GDP),NY.GDP.MINR.RT.ZS,,,,,,,,,,,,,,,,,,,,,,,,,,,,,,,,,,,,,,,,,,,0,0,0,0,0,0,0,0,0,0,0,0,0,0,0,0,0,0,0,,
Viet Nam,VNM,Mineral rents (% of GDP),NY.GDP.MINR.RT.ZS,,,,,,,,,,,,,,,,,,,,,,,,,,0.029861801,0.006198401,0.004129607,0.021715181,0.154683995,0.123924775,0.035547816,0.050259964,0.009975263,0.012974598,0.011043475,0.009777513,0.026286764,0.015959122,0.01618581,0.028147412,0.030084174,0.031697596,0.032271633,0.049584096,0.111152512,0.299104611,0.445829497,0.846977531,0.547749372,0.452415654,0.566180944,0.332549597,0.315103546,0.189849848,0.116505184,0.121608749,0.194206258,0.090469934,0.019378413,0.023498938,0.102200574,
Vanuatu,VUT,Mineral rents (% of GDP),NY.GDP.MINR.RT.ZS,,,,,,,,,,,,,,,,,,,,0,0,0,0,0,0,0,0,0,0,0,0,0,0,0,0,0,0,0,0,0,0,0,0,0,0,0,0,0,0,0,0,0,0,0,0,0,0,0,0,0,0,0,
Samoa,WSM,Mineral rents (% of GDP),NY.GDP.MINR.RT.ZS,,,,,,,,,,,,,,,,,,,,,,,0,0,0,0,0,0,0,0,0,0,0,0,0,0,0,0,0,0,0,0,0,0,0,0,0,0,0,0,0,0,0,0,0,0,0,0,0,0,0,0,
Kosovo,XKX,Mineral rents (% of GDP),NY.GDP.MINR.RT.ZS,,,,,,,,,,,,,,,,,,,,,,,,,,,,,,,,,,,,,,,,,,,,,,,,,0,0.103195628,0.456136814,0.339144129,0.108932715,0.106494238,0.227030986,0.100136642,0.11689234,0.262203896,0.259796396,0.155240679,0.182422584,0.549818417,
"Yemen, Rep.",YEM,Mineral rents (% of GDP),NY.GDP.MINR.RT.ZS,,,,,,,,,,,,,,,,,,,,,,,,,,,,,,,0,0,0,0,0,0,0,0,0,0,0,0,0,0,0,0,0,0,0,0,0,0,0,0,0,0,0,0,0,,,,
South Africa,ZAF,Mineral rents (% of GDP),NY.GDP.MINR.RT.ZS,,,,,,,,,,,0.933291185,0.697571071,0.665058419,0.905103308,2.098246657,0.97280683,0.947042241,1.146376619,0.670401129,3.854902591,9.596065435,5.490118854,4.030241529,4.740838515,0.810958098,3.803906131,3.515550741,3.624624967,3.27733086,2.314967484,1.720380507,2.017614977,1.391368597,1.647329436,1.953620222,0.629558649,1.224110341,0.74579035,0.643076886,0.422085646,0.706162575,0.801835988,1.008490214,0.187700723,0.347546868,0.793861747,1.214126911,1.680970367,2.502245272,1.314147684,2.208321647,2.433396257,1.932094441,2.066178007,1.414132053,0.484685253,0.908658964,0.86500696,0.509756015,1.385761107,1.42688005,3.83186873,
Zambia,ZMB,Mineral rents (% of GDP),NY.GDP.MINR.RT.ZS,,,,,,,,,,,35.20268526,22.30708069,19.18900331,36.85311052,30.17143182,9.900101361,13.6862873,9.569495464,6.075981937,13.67580887,13.18267458,5.947134249,2.235038359,5.678880758,2.818467379,4.158044867,0.094177433,5.105085162,15.02533387,17.69105849,15.60085744,0.61280755,0.025640357,0.03388547,0.02870904,0.004721011,0.015439401,0.015553314,0.038169786,0.025882243,0.620250875,0.005923247,0.008665684,0.003760248,4.452161985,6.703552621,14.11418153,14.99400057,9.587836446,8.962261541,13.33291639,12.08643805,7.786703947,6.583632118,4.641014285,2.932597066,2.90152055,5.687995183,6.340884663,2.183813158,8.228472005,28.24909499,
Zimbabwe,ZWE,Mineral rents (% of GDP),NY.GDP.MINR.RT.ZS,,,,,,,,,,,1.955934197,1.319802186,1.2015148,1.722645113,2.080406081,1.109061646,1.664608973,1.546657174,0.902718458,2.100745181,3.211775874,1.641102083,1.026466947,1.485639345,1.394714857,1.291791364,0.993887864,1.326149233,2.390137745,2.059322273,1.229287275,6.556822142,7.009879441,5.660610272,5.961452625,3.694205621,3.990078765,3.100289745,0.804858369,0.703599845,0.801847432,0.56482299,1.320305618,1.21503565,2.064640631,1.94565384,4.450149739,5.529277115,2.405774672,0.912792593,2.284565558,3.025829016,1.961655477,1.511741783,1.484881375,0.804563239,0.903845636,1.712348811,1.646339118,2.411075929,2.245696849,4.240659592,
